source_id,source_type,relation,properties,target_id,target_type
Pterocarpus marsupium,SHD,contains_chemical,part:Wood,CID_259846,Phytochemical
CID_259846,Phytochemical,interacts_with,,1066,Target
CID_259846,Phytochemical,interacts_with,,387,Target
CID_259846,Phytochemical,interacts_with,,5770,Target
CID_259846,Phytochemical,interacts_with,,5879,Target
CID_259846,Phytochemical,interacts_with,,7153,Target
CID_259846,Phytochemical,interacts_with,,8824,Target
CID_259846,Phytochemical,interacts_with,,998,Target
Pterocarpus marsupium,SHD,contains_chemical,part:Wood,CID_72276,Phytochemical
CID_72276,Phytochemical,interacts_with,,10073,Target
CID_72276,Phytochemical,interacts_with,,10599,Target
CID_72276,Phytochemical,interacts_with,,10919,Target
CID_72276,Phytochemical,interacts_with,,11201,Target
CID_72276,Phytochemical,interacts_with,,11309,Target
CID_72276,Phytochemical,interacts_with,,118429,Target
CID_72276,Phytochemical,interacts_with,,1432,Target
CID_72276,Phytochemical,interacts_with,,1514,Target
CID_72276,Phytochemical,interacts_with,,1576,Target
CID_72276,Phytochemical,interacts_with,,213,Target
CID_72276,Phytochemical,interacts_with,,2147,Target
CID_72276,Phytochemical,interacts_with,,2194,Target
CID_72276,Phytochemical,interacts_with,,23621,Target
CID_72276,Phytochemical,interacts_with,,248,Target
CID_72276,Phytochemical,interacts_with,,249,Target
CID_72276,Phytochemical,interacts_with,,251,Target
CID_72276,Phytochemical,interacts_with,,2548,Target
CID_72276,Phytochemical,interacts_with,,2581,Target
CID_72276,Phytochemical,interacts_with,,276,Target
CID_72276,Phytochemical,interacts_with,,277,Target
CID_72276,Phytochemical,interacts_with,,28234,Target
CID_72276,Phytochemical,interacts_with,,29127,Target
CID_72276,Phytochemical,interacts_with,,29994,Target
CID_72276,Phytochemical,interacts_with,,3028,Target
CID_72276,Phytochemical,interacts_with,,328,Target
CID_72276,Phytochemical,interacts_with,,351,Target
CID_72276,Phytochemical,interacts_with,,3837,Target
CID_72276,Phytochemical,interacts_with,,390245,Target
CID_72276,Phytochemical,interacts_with,,4088,Target
CID_72276,Phytochemical,interacts_with,,4137,Target
CID_72276,Phytochemical,interacts_with,,4297,Target
CID_72276,Phytochemical,interacts_with,,4780,Target
CID_72276,Phytochemical,interacts_with,,4790,Target
CID_72276,Phytochemical,interacts_with,,4846,Target
CID_72276,Phytochemical,interacts_with,,51426,Target
CID_72276,Phytochemical,interacts_with,,5226,Target
CID_72276,Phytochemical,interacts_with,,5315,Target
CID_72276,Phytochemical,interacts_with,,55775,Target
CID_72276,Phytochemical,interacts_with,,5602,Target
CID_72276,Phytochemical,interacts_with,,5893,Target
CID_72276,Phytochemical,interacts_with,,5901,Target
CID_72276,Phytochemical,interacts_with,,596,Target
CID_72276,Phytochemical,interacts_with,,6035,Target
CID_72276,Phytochemical,interacts_with,,6622,Target
CID_72276,Phytochemical,interacts_with,,7253,Target
CID_72276,Phytochemical,interacts_with,,7498,Target
CID_72276,Phytochemical,interacts_with,,759,Target
CID_72276,Phytochemical,interacts_with,,760,Target
CID_72276,Phytochemical,interacts_with,,762,Target
Pterocarpus marsupium,SHD,contains_chemical,part:Wood,CID_439246,Phytochemical
CID_439246,Phytochemical,interacts_with,,10013,Target
CID_439246,Phytochemical,interacts_with,,10411,Target
CID_439246,Phytochemical,interacts_with,,10599,Target
CID_439246,Phytochemical,interacts_with,,11309,Target
CID_439246,Phytochemical,interacts_with,,1244,Target
CID_439246,Phytochemical,interacts_with,,1543,Target
CID_439246,Phytochemical,interacts_with,,1544,Target
CID_439246,Phytochemical,interacts_with,,1545,Target
CID_439246,Phytochemical,interacts_with,,1557,Target
CID_439246,Phytochemical,interacts_with,,1559,Target
CID_439246,Phytochemical,interacts_with,,1576,Target
CID_439246,Phytochemical,interacts_with,,1588,Target
CID_439246,Phytochemical,interacts_with,,1803,Target
CID_439246,Phytochemical,interacts_with,,2099,Target
CID_439246,Phytochemical,interacts_with,,2100,Target
CID_439246,Phytochemical,interacts_with,,2203,Target
CID_439246,Phytochemical,interacts_with,,231,Target
CID_439246,Phytochemical,interacts_with,,2322,Target
CID_439246,Phytochemical,interacts_with,,253430,Target
CID_439246,Phytochemical,interacts_with,,25939,Target
CID_439246,Phytochemical,interacts_with,,2739,Target
CID_439246,Phytochemical,interacts_with,,276,Target
CID_439246,Phytochemical,interacts_with,,277,Target
CID_439246,Phytochemical,interacts_with,,28234,Target
CID_439246,Phytochemical,interacts_with,,2932,Target
CID_439246,Phytochemical,interacts_with,,3028,Target
CID_439246,Phytochemical,interacts_with,,3292,Target
CID_439246,Phytochemical,interacts_with,,3294,Target
CID_439246,Phytochemical,interacts_with,,3417,Target
CID_439246,Phytochemical,interacts_with,,351,Target
CID_439246,Phytochemical,interacts_with,,4128,Target
CID_439246,Phytochemical,interacts_with,,4129,Target
CID_439246,Phytochemical,interacts_with,,43,Target
CID_439246,Phytochemical,interacts_with,,4363,Target
CID_439246,Phytochemical,interacts_with,,4780,Target
CID_439246,Phytochemical,interacts_with,,4985,Target
CID_439246,Phytochemical,interacts_with,,4986,Target
CID_439246,Phytochemical,interacts_with,,4988,Target
CID_439246,Phytochemical,interacts_with,,51053,Target
CID_439246,Phytochemical,interacts_with,,51447,Target
CID_439246,Phytochemical,interacts_with,,5243,Target
CID_439246,Phytochemical,interacts_with,,54205,Target
CID_439246,Phytochemical,interacts_with,,5444,Target
CID_439246,Phytochemical,interacts_with,,54575,Target
CID_439246,Phytochemical,interacts_with,,54576,Target
CID_439246,Phytochemical,interacts_with,,5465,Target
CID_439246,Phytochemical,interacts_with,,54657,Target
CID_439246,Phytochemical,interacts_with,,54658,Target
CID_439246,Phytochemical,interacts_with,,54659,Target
CID_439246,Phytochemical,interacts_with,,5467,Target
CID_439246,Phytochemical,interacts_with,,5468,Target
CID_439246,Phytochemical,interacts_with,,55775,Target
CID_439246,Phytochemical,interacts_with,,5693,Target
CID_439246,Phytochemical,interacts_with,,57016,Target
CID_439246,Phytochemical,interacts_with,,5743,Target
CID_439246,Phytochemical,interacts_with,,5745,Target
CID_439246,Phytochemical,interacts_with,,5770,Target
CID_439246,Phytochemical,interacts_with,,590,Target
CID_439246,Phytochemical,interacts_with,,6462,Target
CID_439246,Phytochemical,interacts_with,,6783,Target
CID_439246,Phytochemical,interacts_with,,7276,Target
CID_439246,Phytochemical,interacts_with,,7299,Target
CID_439246,Phytochemical,interacts_with,,7366,Target
CID_439246,Phytochemical,interacts_with,,7398,Target
CID_439246,Phytochemical,interacts_with,,7498,Target
CID_439246,Phytochemical,interacts_with,,759,Target
CID_439246,Phytochemical,interacts_with,,760,Target
CID_439246,Phytochemical,interacts_with,,762,Target
CID_439246,Phytochemical,interacts_with,,766,Target
CID_439246,Phytochemical,interacts_with,,771,Target
CID_439246,Phytochemical,interacts_with,,805,Target
CID_439246,Phytochemical,interacts_with,,8654,Target
CID_439246,Phytochemical,interacts_with,,873,Target
CID_439246,Phytochemical,interacts_with,,874,Target
CID_439246,Phytochemical,interacts_with,,9429,Target
Pterocarpus marsupium,SHD,contains_chemical,part:Wood,CID_10494,Phytochemical
CID_10494,Phytochemical,interacts_with,,10599,Target
CID_10494,Phytochemical,interacts_with,,1066,Target
CID_10494,Phytochemical,interacts_with,,1071,Target
CID_10494,Phytochemical,interacts_with,,10951,Target
CID_10494,Phytochemical,interacts_with,,11069,Target
CID_10494,Phytochemical,interacts_with,,112398,Target
CID_10494,Phytochemical,interacts_with,,112399,Target
CID_10494,Phytochemical,interacts_with,,11343,Target
CID_10494,Phytochemical,interacts_with,,151306,Target
CID_10494,Phytochemical,interacts_with,,1588,Target
CID_10494,Phytochemical,interacts_with,,1845,Target
CID_10494,Phytochemical,interacts_with,,1956,Target
CID_10494,Phytochemical,interacts_with,,2152,Target
CID_10494,Phytochemical,interacts_with,,231,Target
CID_10494,Phytochemical,interacts_with,,23408,Target
CID_10494,Phytochemical,interacts_with,,240,Target
CID_10494,Phytochemical,interacts_with,,247,Target
CID_10494,Phytochemical,interacts_with,,2648,Target
CID_10494,Phytochemical,interacts_with,,28234,Target
CID_10494,Phytochemical,interacts_with,,2932,Target
CID_10494,Phytochemical,interacts_with,,3294,Target
CID_10494,Phytochemical,interacts_with,,3417,Target
CID_10494,Phytochemical,interacts_with,,351,Target
CID_10494,Phytochemical,interacts_with,,3978,Target
CID_10494,Phytochemical,interacts_with,,4780,Target
CID_10494,Phytochemical,interacts_with,,4843,Target
CID_10494,Phytochemical,interacts_with,,51053,Target
CID_10494,Phytochemical,interacts_with,,5111,Target
CID_10494,Phytochemical,interacts_with,,51422,Target
CID_10494,Phytochemical,interacts_with,,52,Target
CID_10494,Phytochemical,interacts_with,,5243,Target
CID_10494,Phytochemical,interacts_with,,5319,Target
CID_10494,Phytochemical,interacts_with,,5347,Target
CID_10494,Phytochemical,interacts_with,,53632,Target
CID_10494,Phytochemical,interacts_with,,5423,Target
CID_10494,Phytochemical,interacts_with,,54583,Target
CID_10494,Phytochemical,interacts_with,,54681,Target
CID_10494,Phytochemical,interacts_with,,5562,Target
CID_10494,Phytochemical,interacts_with,,5563,Target
CID_10494,Phytochemical,interacts_with,,5564,Target
CID_10494,Phytochemical,interacts_with,,5565,Target
CID_10494,Phytochemical,interacts_with,,5571,Target
CID_10494,Phytochemical,interacts_with,,55775,Target
CID_10494,Phytochemical,interacts_with,,57016,Target
CID_10494,Phytochemical,interacts_with,,5742,Target
CID_10494,Phytochemical,interacts_with,,5743,Target
CID_10494,Phytochemical,interacts_with,,5770,Target
CID_10494,Phytochemical,interacts_with,,5771,Target
CID_10494,Phytochemical,interacts_with,,5777,Target
CID_10494,Phytochemical,interacts_with,,5781,Target
CID_10494,Phytochemical,interacts_with,,5786,Target
CID_10494,Phytochemical,interacts_with,,5788,Target
CID_10494,Phytochemical,interacts_with,,5791,Target
CID_10494,Phytochemical,interacts_with,,5792,Target
CID_10494,Phytochemical,interacts_with,,5970,Target
CID_10494,Phytochemical,interacts_with,,6774,Target
CID_10494,Phytochemical,interacts_with,,7150,Target
CID_10494,Phytochemical,interacts_with,,7153,Target
CID_10494,Phytochemical,interacts_with,,7428,Target
CID_10494,Phytochemical,interacts_with,,7442,Target
CID_10494,Phytochemical,interacts_with,,7874,Target
CID_10494,Phytochemical,interacts_with,,79915,Target
CID_10494,Phytochemical,interacts_with,,994,Target
CID_10494,Phytochemical,interacts_with,,9971,Target
Pterocarpus marsupium,SHD,contains_chemical,part:Wood,CID_91457,Phytochemical
CID_91457,Phytochemical,interacts_with,,8989,Target
Pterocarpus marsupium,SHD,contains_chemical,part:Wood,CID_5281611,Phytochemical
CID_5281611,Phytochemical,interacts_with,,1557,Target
CID_5281611,Phytochemical,interacts_with,,1559,Target
CID_5281611,Phytochemical,interacts_with,,1588,Target
CID_5281611,Phytochemical,interacts_with,,1719,Target
CID_5281611,Phytochemical,interacts_with,,2203,Target
CID_5281611,Phytochemical,interacts_with,,3028,Target
CID_5281611,Phytochemical,interacts_with,,5292,Target
CID_5281611,Phytochemical,interacts_with,,55775,Target
Pterocarpus marsupium,SHD,contains_chemical,part:Wood,CID_638278,Phytochemical
CID_638278,Phytochemical,interacts_with,,10013,Target
CID_638278,Phytochemical,interacts_with,,10018,Target
CID_638278,Phytochemical,interacts_with,,10599,Target
CID_638278,Phytochemical,interacts_with,,10919,Target
CID_638278,Phytochemical,interacts_with,,10951,Target
CID_638278,Phytochemical,interacts_with,,11201,Target
CID_638278,Phytochemical,interacts_with,,1139,Target
CID_638278,Phytochemical,interacts_with,,114548,Target
CID_638278,Phytochemical,interacts_with,,1543,Target
CID_638278,Phytochemical,interacts_with,,1545,Target
CID_638278,Phytochemical,interacts_with,,1557,Target
CID_638278,Phytochemical,interacts_with,,1559,Target
CID_638278,Phytochemical,interacts_with,,1576,Target
CID_638278,Phytochemical,interacts_with,,1588,Target
CID_638278,Phytochemical,interacts_with,,1812,Target
CID_638278,Phytochemical,interacts_with,,1956,Target
CID_638278,Phytochemical,interacts_with,,2099,Target
CID_638278,Phytochemical,interacts_with,,2100,Target
CID_638278,Phytochemical,interacts_with,,2237,Target
CID_638278,Phytochemical,interacts_with,,2260,Target
CID_638278,Phytochemical,interacts_with,,2263,Target
CID_638278,Phytochemical,interacts_with,,231,Target
CID_638278,Phytochemical,interacts_with,,23621,Target
CID_638278,Phytochemical,interacts_with,,23683,Target
CID_638278,Phytochemical,interacts_with,,2475,Target
CID_638278,Phytochemical,interacts_with,,2629,Target
CID_638278,Phytochemical,interacts_with,,2740,Target
CID_638278,Phytochemical,interacts_with,,28234,Target
CID_638278,Phytochemical,interacts_with,,3248,Target
CID_638278,Phytochemical,interacts_with,,328,Target
CID_638278,Phytochemical,interacts_with,,3292,Target
CID_638278,Phytochemical,interacts_with,,3294,Target
CID_638278,Phytochemical,interacts_with,,3309,Target
CID_638278,Phytochemical,interacts_with,,3417,Target
CID_638278,Phytochemical,interacts_with,,351,Target
CID_638278,Phytochemical,interacts_with,,3725,Target
CID_638278,Phytochemical,interacts_with,,3757,Target
CID_638278,Phytochemical,interacts_with,,3791,Target
CID_638278,Phytochemical,interacts_with,,3815,Target
CID_638278,Phytochemical,interacts_with,,387129,Target
CID_638278,Phytochemical,interacts_with,,4000,Target
CID_638278,Phytochemical,interacts_with,,4088,Target
CID_638278,Phytochemical,interacts_with,,4137,Target
CID_638278,Phytochemical,interacts_with,,4297,Target
CID_638278,Phytochemical,interacts_with,,4312,Target
CID_638278,Phytochemical,interacts_with,,4313,Target
CID_638278,Phytochemical,interacts_with,,4314,Target
CID_638278,Phytochemical,interacts_with,,4316,Target
CID_638278,Phytochemical,interacts_with,,4318,Target
CID_638278,Phytochemical,interacts_with,,4322,Target
CID_638278,Phytochemical,interacts_with,,4780,Target
CID_638278,Phytochemical,interacts_with,,4790,Target
CID_638278,Phytochemical,interacts_with,,4791,Target
CID_638278,Phytochemical,interacts_with,,5034,Target
CID_638278,Phytochemical,interacts_with,,51053,Target
CID_638278,Phytochemical,interacts_with,,51426,Target
CID_638278,Phytochemical,interacts_with,,5300,Target
CID_638278,Phytochemical,interacts_with,,5376,Target
CID_638278,Phytochemical,interacts_with,,5468,Target
CID_638278,Phytochemical,interacts_with,,54737,Target
CID_638278,Phytochemical,interacts_with,,55775,Target
CID_638278,Phytochemical,interacts_with,,5578,Target
CID_638278,Phytochemical,interacts_with,,5579,Target
CID_638278,Phytochemical,interacts_with,,5580,Target
CID_638278,Phytochemical,interacts_with,,5581,Target
CID_638278,Phytochemical,interacts_with,,5582,Target
CID_638278,Phytochemical,interacts_with,,5583,Target
CID_638278,Phytochemical,interacts_with,,5584,Target
CID_638278,Phytochemical,interacts_with,,5587,Target
CID_638278,Phytochemical,interacts_with,,5588,Target
CID_638278,Phytochemical,interacts_with,,5590,Target
CID_638278,Phytochemical,interacts_with,,5693,Target
CID_638278,Phytochemical,interacts_with,,5742,Target
CID_638278,Phytochemical,interacts_with,,5743,Target
CID_638278,Phytochemical,interacts_with,,5770,Target
CID_638278,Phytochemical,interacts_with,,5970,Target
CID_638278,Phytochemical,interacts_with,,6311,Target
CID_638278,Phytochemical,interacts_with,,641,Target
CID_638278,Phytochemical,interacts_with,,6595,Target
CID_638278,Phytochemical,interacts_with,,6622,Target
CID_638278,Phytochemical,interacts_with,,6714,Target
CID_638278,Phytochemical,interacts_with,,7157,Target
CID_638278,Phytochemical,interacts_with,,7299,Target
CID_638278,Phytochemical,interacts_with,,7398,Target
CID_638278,Phytochemical,interacts_with,,7421,Target
CID_638278,Phytochemical,interacts_with,,79915,Target
Pterocarpus marsupium,SHD,contains_chemical,part:Wood,CID_126,Phytochemical
CID_126,Phytochemical,interacts_with,,18,Target
CID_126,Phytochemical,interacts_with,,3620,Target
CID_126,Phytochemical,interacts_with,,4353,Target
CID_126,Phytochemical,interacts_with,,7915,Target
Pterocarpus marsupium,SHD,contains_chemical,part:Wood,CID_114829,Phytochemical
CID_114829,Phytochemical,interacts_with,,10013,Target
CID_114829,Phytochemical,interacts_with,,1543,Target
CID_114829,Phytochemical,interacts_with,,1545,Target
CID_114829,Phytochemical,interacts_with,,1588,Target
CID_114829,Phytochemical,interacts_with,,2099,Target
CID_114829,Phytochemical,interacts_with,,2100,Target
CID_114829,Phytochemical,interacts_with,,3725,Target
CID_114829,Phytochemical,interacts_with,,4312,Target
CID_114829,Phytochemical,interacts_with,,4313,Target
CID_114829,Phytochemical,interacts_with,,4314,Target
CID_114829,Phytochemical,interacts_with,,4316,Target
CID_114829,Phytochemical,interacts_with,,4318,Target
CID_114829,Phytochemical,interacts_with,,4322,Target
CID_114829,Phytochemical,interacts_with,,4780,Target
CID_114829,Phytochemical,interacts_with,,5693,Target
CID_114829,Phytochemical,interacts_with,,5770,Target
CID_114829,Phytochemical,interacts_with,,5970,Target
CID_114829,Phytochemical,interacts_with,,7299,Target
CID_114829,Phytochemical,interacts_with,,7525,Target
Pterocarpus marsupium,SHD,contains_chemical,part:Wood,CID_442410,Phytochemical
CID_442410,Phytochemical,interacts_with,,1588,Target
Pterocarpus marsupium,SHD,contains_chemical,part:Wood,CID_5281805,Phytochemical
CID_5281805,Phytochemical,interacts_with,,5465,Target
CID_5281805,Phytochemical,interacts_with,,5467,Target
CID_5281805,Phytochemical,interacts_with,,5468,Target
Pterocarpus marsupium,SHD,contains_chemical,part:Wood,CID_5282073,Phytochemical
CID_5282073,Phytochemical,interacts_with,,1576,Target
CID_5282073,Phytochemical,interacts_with,,1588,Target
CID_5282073,Phytochemical,interacts_with,,216,Target
CID_5282073,Phytochemical,interacts_with,,217,Target
CID_5282073,Phytochemical,interacts_with,,2203,Target
CID_5282073,Phytochemical,interacts_with,,240,Target
CID_5282073,Phytochemical,interacts_with,,253430,Target
CID_5282073,Phytochemical,interacts_with,,25797,Target
CID_5282073,Phytochemical,interacts_with,,2717,Target
CID_5282073,Phytochemical,interacts_with,,3028,Target
CID_5282073,Phytochemical,interacts_with,,3248,Target
CID_5282073,Phytochemical,interacts_with,,390245,Target
CID_5282073,Phytochemical,interacts_with,,3932,Target
CID_5282073,Phytochemical,interacts_with,,4128,Target
CID_5282073,Phytochemical,interacts_with,,4129,Target
CID_5282073,Phytochemical,interacts_with,,4353,Target
CID_5282073,Phytochemical,interacts_with,,4759,Target
CID_5282073,Phytochemical,interacts_with,,4780,Target
CID_5282073,Phytochemical,interacts_with,,4985,Target
CID_5282073,Phytochemical,interacts_with,,4986,Target
CID_5282073,Phytochemical,interacts_with,,4988,Target
CID_5282073,Phytochemical,interacts_with,,51447,Target
CID_5282073,Phytochemical,interacts_with,,5163,Target
CID_5282073,Phytochemical,interacts_with,,5465,Target
CID_5282073,Phytochemical,interacts_with,,5467,Target
CID_5282073,Phytochemical,interacts_with,,5468,Target
CID_5282073,Phytochemical,interacts_with,,55775,Target
CID_5282073,Phytochemical,interacts_with,,5594,Target
CID_5282073,Phytochemical,interacts_with,,5770,Target
CID_5282073,Phytochemical,interacts_with,,6606,Target
Pterocarpus marsupium,SHD,contains_chemical,part:Wood,CID_638088,Phytochemical
CID_638088,Phytochemical,interacts_with,,367,Target
CID_638088,Phytochemical,interacts_with,,4780,Target
Pterocarpus marsupium,SHD,contains_chemical,part:Wood,CID_688857,Phytochemical
CID_688857,Phytochemical,interacts_with,,5693,Target
Pterocarpus marsupium,SHD,contains_chemical,part:Wood,CID_5281727,Phytochemical
CID_5281727,Phytochemical,interacts_with,,10013,Target
CID_5281727,Phytochemical,interacts_with,,1543,Target
CID_5281727,Phytochemical,interacts_with,,1545,Target
CID_5281727,Phytochemical,interacts_with,,1588,Target
CID_5281727,Phytochemical,interacts_with,,23435,Target
CID_5281727,Phytochemical,interacts_with,,240,Target
CID_5281727,Phytochemical,interacts_with,,25,Target
CID_5281727,Phytochemical,interacts_with,,2548,Target
CID_5281727,Phytochemical,interacts_with,,2671,Target
CID_5281727,Phytochemical,interacts_with,,2740,Target
CID_5281727,Phytochemical,interacts_with,,390245,Target
CID_5281727,Phytochemical,interacts_with,,406991,Target
CID_5281727,Phytochemical,interacts_with,,4137,Target
CID_5281727,Phytochemical,interacts_with,,4297,Target
CID_5281727,Phytochemical,interacts_with,,4780,Target
CID_5281727,Phytochemical,interacts_with,,4835,Target
CID_5281727,Phytochemical,interacts_with,,4864,Target
CID_5281727,Phytochemical,interacts_with,,51053,Target
CID_5281727,Phytochemical,interacts_with,,5243,Target
CID_5281727,Phytochemical,interacts_with,,5328,Target
CID_5281727,Phytochemical,interacts_with,,55775,Target
CID_5281727,Phytochemical,interacts_with,,5594,Target
CID_5281727,Phytochemical,interacts_with,,5742,Target
CID_5281727,Phytochemical,interacts_with,,5743,Target
CID_5281727,Phytochemical,interacts_with,,5879,Target
CID_5281727,Phytochemical,interacts_with,,613,Target
CID_5281727,Phytochemical,interacts_with,,672,Target
CID_5281727,Phytochemical,interacts_with,,7276,Target
CID_5281727,Phytochemical,interacts_with,,7442,Target
CID_5281727,Phytochemical,interacts_with,,9367,Target
CID_5281727,Phytochemical,interacts_with,,9817,Target
Pterocarpus marsupium,SHD,contains_chemical,part:Wood,CID_134369,Phytochemical
Pterocarpus marsupium,SHD,contains_chemical,part:Wood,CID_133775,Phytochemical
Pterocarpus marsupium,SHD,contains_chemical,part:Wood,CID_185124,Phytochemical
Pterocarpus marsupium,SHD,contains_chemical,part:Wood,CHEMSPIDER_10306372,Phytochemical
Pterocarpus marsupium,SHD,contains_chemical,part:Wood,CID_6437266,Phytochemical
Pterocarpus marsupium,SHD,contains_chemical,part:Wood,CID_44257328,Phytochemical
Commiphora wightii,SHD,contains_chemical,part:Plant exudate,CID_222284,Phytochemical
CID_222284,Phytochemical,interacts_with,,10013,Target
CID_222284,Phytochemical,interacts_with,,10599,Target
CID_222284,Phytochemical,interacts_with,,1565,Target
CID_222284,Phytochemical,interacts_with,,1576,Target
CID_222284,Phytochemical,interacts_with,,1803,Target
CID_222284,Phytochemical,interacts_with,,2147,Target
CID_222284,Phytochemical,interacts_with,,28234,Target
CID_222284,Phytochemical,interacts_with,,2932,Target
CID_222284,Phytochemical,interacts_with,,3417,Target
CID_222284,Phytochemical,interacts_with,,51422,Target
CID_222284,Phytochemical,interacts_with,,5243,Target
CID_222284,Phytochemical,interacts_with,,53632,Target
CID_222284,Phytochemical,interacts_with,,5423,Target
CID_222284,Phytochemical,interacts_with,,5562,Target
CID_222284,Phytochemical,interacts_with,,5563,Target
CID_222284,Phytochemical,interacts_with,,5564,Target
CID_222284,Phytochemical,interacts_with,,5565,Target
CID_222284,Phytochemical,interacts_with,,5571,Target
CID_222284,Phytochemical,interacts_with,,7299,Target
Commiphora wightii,SHD,contains_chemical,part:Plant exudate,CID_5281515,Phytochemical
CID_5281515,Phytochemical,interacts_with,,10013,Target
CID_5281515,Phytochemical,interacts_with,,10599,Target
CID_5281515,Phytochemical,interacts_with,,1269,Target
CID_5281515,Phytochemical,interacts_with,,28234,Target
CID_5281515,Phytochemical,interacts_with,,4297,Target
CID_5281515,Phytochemical,interacts_with,,5465,Target
Commiphora wightii,SHD,contains_chemical,part:Plant exudate,CID_68972,Phytochemical
Commiphora wightii,SHD,contains_chemical,part:Plant exudate,CID_5997,Phytochemical
CID_5997,Phytochemical,interacts_with,,10013,Target
CID_5997,Phytochemical,interacts_with,,10062,Target
CID_5997,Phytochemical,interacts_with,,10599,Target
CID_5997,Phytochemical,interacts_with,,10858,Target
CID_5997,Phytochemical,interacts_with,,1595,Target
CID_5997,Phytochemical,interacts_with,,23762,Target
CID_5997,Phytochemical,interacts_with,,28234,Target
CID_5997,Phytochemical,interacts_with,,2908,Target
CID_5997,Phytochemical,interacts_with,,3417,Target
CID_5997,Phytochemical,interacts_with,,367,Target
CID_5997,Phytochemical,interacts_with,,4000,Target
CID_5997,Phytochemical,interacts_with,,4780,Target
CID_5997,Phytochemical,interacts_with,,5007,Target
CID_5997,Phytochemical,interacts_with,,5243,Target
CID_5997,Phytochemical,interacts_with,,5422,Target
CID_5997,Phytochemical,interacts_with,,5467,Target
CID_5997,Phytochemical,interacts_with,,6097,Target
CID_5997,Phytochemical,interacts_with,,6323,Target
CID_5997,Phytochemical,interacts_with,,6326,Target
CID_5997,Phytochemical,interacts_with,,6328,Target
CID_5997,Phytochemical,interacts_with,,6622,Target
CID_5997,Phytochemical,interacts_with,,6820,Target
CID_5997,Phytochemical,interacts_with,,7155,Target
CID_5997,Phytochemical,interacts_with,,9429,Target
Commiphora wightii,SHD,contains_chemical,part:Plant exudate,CID_5280794,Phytochemical
CID_5280794,Phytochemical,interacts_with,,10013,Target
CID_5280794,Phytochemical,interacts_with,,10599,Target
CID_5280794,Phytochemical,interacts_with,,28234,Target
CID_5280794,Phytochemical,interacts_with,,3363,Target
CID_5280794,Phytochemical,interacts_with,,3417,Target
CID_5280794,Phytochemical,interacts_with,,5423,Target
Commiphora wightii,SHD,contains_chemical,part:Plant exudate,CID_31253,Phytochemical
CID_31253,Phytochemical,interacts_with,,2908,Target
CID_31253,Phytochemical,interacts_with,,3315,Target
CID_31253,Phytochemical,interacts_with,,3725,Target
CID_31253,Phytochemical,interacts_with,,4790,Target
CID_31253,Phytochemical,interacts_with,,5467,Target
CID_31253,Phytochemical,interacts_with,,7253,Target
CID_31253,Phytochemical,interacts_with,,9971,Target
Commiphora wightii,SHD,contains_chemical,part:Plant exudate,CID_5204,Phytochemical
CID_5204,Phytochemical,interacts_with,,10951,Target
CID_5204,Phytochemical,interacts_with,,11201,Target
CID_5204,Phytochemical,interacts_with,,23435,Target
CID_5204,Phytochemical,interacts_with,,2740,Target
CID_5204,Phytochemical,interacts_with,,51053,Target
CID_5204,Phytochemical,interacts_with,,55775,Target
CID_5204,Phytochemical,interacts_with,,5745,Target
Commiphora wightii,SHD,contains_chemical,part:Plant exudate,CID_90472510,Phytochemical
Commiphora wightii,SHD,contains_chemical,part:Plant exudate,CID_445858,Phytochemical
CID_445858,Phytochemical,interacts_with,,10013,Target
CID_445858,Phytochemical,interacts_with,,10014,Target
CID_445858,Phytochemical,interacts_with,,10280,Target
CID_445858,Phytochemical,interacts_with,,10599,Target
CID_445858,Phytochemical,interacts_with,,10800,Target
CID_445858,Phytochemical,interacts_with,,11238,Target
CID_445858,Phytochemical,interacts_with,,1128,Target
CID_445858,Phytochemical,interacts_with,,1129,Target
CID_445858,Phytochemical,interacts_with,,1131,Target
CID_445858,Phytochemical,interacts_with,,1132,Target
CID_445858,Phytochemical,interacts_with,,1133,Target
CID_445858,Phytochemical,interacts_with,,1233,Target
CID_445858,Phytochemical,interacts_with,,1234,Target
CID_445858,Phytochemical,interacts_with,,1268,Target
CID_445858,Phytochemical,interacts_with,,134,Target
CID_445858,Phytochemical,interacts_with,,135,Target
CID_445858,Phytochemical,interacts_with,,140,Target
CID_445858,Phytochemical,interacts_with,,1432,Target
CID_445858,Phytochemical,interacts_with,,1457,Target
CID_445858,Phytochemical,interacts_with,,1459,Target
CID_445858,Phytochemical,interacts_with,,146,Target
CID_445858,Phytochemical,interacts_with,,1460,Target
CID_445858,Phytochemical,interacts_with,,150,Target
CID_445858,Phytochemical,interacts_with,,151,Target
CID_445858,Phytochemical,interacts_with,,1511,Target
CID_445858,Phytochemical,interacts_with,,152,Target
CID_445858,Phytochemical,interacts_with,,153,Target
CID_445858,Phytochemical,interacts_with,,154,Target
CID_445858,Phytochemical,interacts_with,,1544,Target
CID_445858,Phytochemical,interacts_with,,1548,Target
CID_445858,Phytochemical,interacts_with,,155,Target
CID_445858,Phytochemical,interacts_with,,1557,Target
CID_445858,Phytochemical,interacts_with,,1559,Target
CID_445858,Phytochemical,interacts_with,,1565,Target
CID_445858,Phytochemical,interacts_with,,1571,Target
CID_445858,Phytochemical,interacts_with,,1576,Target
CID_445858,Phytochemical,interacts_with,,1812,Target
CID_445858,Phytochemical,interacts_with,,1813,Target
CID_445858,Phytochemical,interacts_with,,1814,Target
CID_445858,Phytochemical,interacts_with,,1815,Target
CID_445858,Phytochemical,interacts_with,,186,Target
CID_445858,Phytochemical,interacts_with,,1909,Target
CID_445858,Phytochemical,interacts_with,,1956,Target
CID_445858,Phytochemical,interacts_with,,1991,Target
CID_445858,Phytochemical,interacts_with,,2064,Target
CID_445858,Phytochemical,interacts_with,,2099,Target
CID_445858,Phytochemical,interacts_with,,2100,Target
CID_445858,Phytochemical,interacts_with,,2260,Target
CID_445858,Phytochemical,interacts_with,,2263,Target
CID_445858,Phytochemical,interacts_with,,2321,Target
CID_445858,Phytochemical,interacts_with,,23632,Target
CID_445858,Phytochemical,interacts_with,,2534,Target
CID_445858,Phytochemical,interacts_with,,259285,Target
CID_445858,Phytochemical,interacts_with,,28234,Target
CID_445858,Phytochemical,interacts_with,,283106,Target
CID_445858,Phytochemical,interacts_with,,2908,Target
CID_445858,Phytochemical,interacts_with,,3065,Target
CID_445858,Phytochemical,interacts_with,,3066,Target
CID_445858,Phytochemical,interacts_with,,3156,Target
CID_445858,Phytochemical,interacts_with,,3269,Target
CID_445858,Phytochemical,interacts_with,,3274,Target
CID_445858,Phytochemical,interacts_with,,3356,Target
CID_445858,Phytochemical,interacts_with,,3357,Target
CID_445858,Phytochemical,interacts_with,,3358,Target
CID_445858,Phytochemical,interacts_with,,3362,Target
CID_445858,Phytochemical,interacts_with,,3363,Target
CID_445858,Phytochemical,interacts_with,,3373,Target
CID_445858,Phytochemical,interacts_with,,338442,Target
CID_445858,Phytochemical,interacts_with,,351,Target
CID_445858,Phytochemical,interacts_with,,3577,Target
CID_445858,Phytochemical,interacts_with,,3579,Target
CID_445858,Phytochemical,interacts_with,,3757,Target
CID_445858,Phytochemical,interacts_with,,390245,Target
CID_445858,Phytochemical,interacts_with,,3932,Target
CID_445858,Phytochemical,interacts_with,,4128,Target
CID_445858,Phytochemical,interacts_with,,4159,Target
CID_445858,Phytochemical,interacts_with,,4160,Target
CID_445858,Phytochemical,interacts_with,,4161,Target
CID_445858,Phytochemical,interacts_with,,43,Target
CID_445858,Phytochemical,interacts_with,,4312,Target
CID_445858,Phytochemical,interacts_with,,4318,Target
CID_445858,Phytochemical,interacts_with,,4886,Target
CID_445858,Phytochemical,interacts_with,,4887,Target
CID_445858,Phytochemical,interacts_with,,4985,Target
CID_445858,Phytochemical,interacts_with,,4986,Target
CID_445858,Phytochemical,interacts_with,,4988,Target
CID_445858,Phytochemical,interacts_with,,51053,Target
CID_445858,Phytochemical,interacts_with,,51564,Target
CID_445858,Phytochemical,interacts_with,,5315,Target
CID_445858,Phytochemical,interacts_with,,54657,Target
CID_445858,Phytochemical,interacts_with,,54658,Target
CID_445858,Phytochemical,interacts_with,,552,Target
CID_445858,Phytochemical,interacts_with,,5530,Target
CID_445858,Phytochemical,interacts_with,,55775,Target
CID_445858,Phytochemical,interacts_with,,5578,Target
CID_445858,Phytochemical,interacts_with,,55869,Target
CID_445858,Phytochemical,interacts_with,,5594,Target
CID_445858,Phytochemical,interacts_with,,5595,Target
CID_445858,Phytochemical,interacts_with,,5724,Target
CID_445858,Phytochemical,interacts_with,,5742,Target
CID_445858,Phytochemical,interacts_with,,5743,Target
CID_445858,Phytochemical,interacts_with,,5745,Target
CID_445858,Phytochemical,interacts_with,,5788,Target
CID_445858,Phytochemical,interacts_with,,590,Target
CID_445858,Phytochemical,interacts_with,,624,Target
CID_445858,Phytochemical,interacts_with,,6530,Target
CID_445858,Phytochemical,interacts_with,,6531,Target
CID_445858,Phytochemical,interacts_with,,6532,Target
CID_445858,Phytochemical,interacts_with,,6622,Target
CID_445858,Phytochemical,interacts_with,,6865,Target
CID_445858,Phytochemical,interacts_with,,6869,Target
CID_445858,Phytochemical,interacts_with,,6916,Target
CID_445858,Phytochemical,interacts_with,,729230,Target
CID_445858,Phytochemical,interacts_with,,7299,Target
CID_445858,Phytochemical,interacts_with,,7366,Target
CID_445858,Phytochemical,interacts_with,,7433,Target
CID_445858,Phytochemical,interacts_with,,759,Target
CID_445858,Phytochemical,interacts_with,,760,Target
CID_445858,Phytochemical,interacts_with,,761,Target
CID_445858,Phytochemical,interacts_with,,762,Target
CID_445858,Phytochemical,interacts_with,,763,Target
CID_445858,Phytochemical,interacts_with,,765,Target
CID_445858,Phytochemical,interacts_with,,766,Target
CID_445858,Phytochemical,interacts_with,,768,Target
CID_445858,Phytochemical,interacts_with,,771,Target
CID_445858,Phytochemical,interacts_with,,79885,Target
CID_445858,Phytochemical,interacts_with,,799,Target
CID_445858,Phytochemical,interacts_with,,834,Target
CID_445858,Phytochemical,interacts_with,,83933,Target
CID_445858,Phytochemical,interacts_with,,8654,Target
CID_445858,Phytochemical,interacts_with,,8841,Target
CID_445858,Phytochemical,interacts_with,,886,Target
CID_445858,Phytochemical,interacts_with,,9734,Target
CID_445858,Phytochemical,interacts_with,,9759,Target
Commiphora wightii,SHD,contains_chemical,part:Plant exudate,CID_11747713,Phytochemical
Commiphora wightii,SHD,contains_chemical,part:Plant exudate,CID_5281384,Phytochemical
CID_5281384,Phytochemical,interacts_with,,5319,Target
Commiphora wightii,SHD,contains_chemical,part:Plant exudate,CID_101297673,Phytochemical
Commiphora wightii,SHD,contains_chemical,part:Plant exudate,CID_101297674,Phytochemical
Commiphora wightii,SHD,contains_chemical,part:Plant exudate,CID_101297675,Phytochemical
Commiphora wightii,SHD,contains_chemical,part:Plant exudate,CID_101750,Phytochemical
Commiphora wightii,SHD,contains_chemical,part:Plant exudate,CID_161109,Phytochemical
Commiphora wightii,SHD,contains_chemical,part:Plant exudate,CID_92747,Phytochemical
CID_92747,Phytochemical,interacts_with,,1586,Target
CID_92747,Phytochemical,interacts_with,,5241,Target
Commiphora wightii,SHD,contains_chemical,part:Plant exudate,CID_6439929,Phytochemical
CID_6439929,Phytochemical,interacts_with,,10062,Target
CID_6439929,Phytochemical,interacts_with,,1576,Target
CID_6439929,Phytochemical,interacts_with,,2099,Target
CID_6439929,Phytochemical,interacts_with,,2100,Target
CID_6439929,Phytochemical,interacts_with,,216,Target
CID_6439929,Phytochemical,interacts_with,,2908,Target
CID_6439929,Phytochemical,interacts_with,,3315,Target
CID_6439929,Phytochemical,interacts_with,,3576,Target
CID_6439929,Phytochemical,interacts_with,,367,Target
CID_6439929,Phytochemical,interacts_with,,3757,Target
CID_6439929,Phytochemical,interacts_with,,4306,Target
CID_6439929,Phytochemical,interacts_with,,4780,Target
CID_6439929,Phytochemical,interacts_with,,4790,Target
CID_6439929,Phytochemical,interacts_with,,5241,Target
CID_6439929,Phytochemical,interacts_with,,5465,Target
CID_6439929,Phytochemical,interacts_with,,5467,Target
CID_6439929,Phytochemical,interacts_with,,5468,Target
CID_6439929,Phytochemical,interacts_with,,5594,Target
CID_6439929,Phytochemical,interacts_with,,5914,Target
CID_6439929,Phytochemical,interacts_with,,5915,Target
CID_6439929,Phytochemical,interacts_with,,5916,Target
CID_6439929,Phytochemical,interacts_with,,6097,Target
CID_6439929,Phytochemical,interacts_with,,6256,Target
CID_6439929,Phytochemical,interacts_with,,6606,Target
CID_6439929,Phytochemical,interacts_with,,7067,Target
CID_6439929,Phytochemical,interacts_with,,7068,Target
CID_6439929,Phytochemical,interacts_with,,7157,Target
CID_6439929,Phytochemical,interacts_with,,7253,Target
CID_6439929,Phytochemical,interacts_with,,7376,Target
CID_6439929,Phytochemical,interacts_with,,7421,Target
CID_6439929,Phytochemical,interacts_with,,865,Target
CID_6439929,Phytochemical,interacts_with,,8856,Target
CID_6439929,Phytochemical,interacts_with,,9971,Target
Commiphora wightii,SHD,contains_chemical,part:Plant exudate,CID_70695727,Phytochemical
CID_70695727,Phytochemical,interacts_with,,5465,Target
CID_70695727,Phytochemical,interacts_with,,5467,Target
CID_70695727,Phytochemical,interacts_with,,5468,Target
Commiphora wightii,SHD,contains_chemical,part:Plant exudate,CID_122173119,Phytochemical
Commiphora wightii,SHD,contains_chemical,part:Plant exudate,CID_5368823,Phytochemical
Terminalia arjuna,SHD,contains_chemical,part:Bark,CID_222284,Phytochemical
Terminalia arjuna,SHD,contains_chemical,part:Bark,CID_971,Phytochemical
CID_971,Phytochemical,interacts_with,,11309,Target
CID_971,Phytochemical,interacts_with,,6714,Target
Terminalia arjuna,SHD,contains_chemical,part:Bark,CID_91472,Phytochemical
CID_91472,Phytochemical,interacts_with,,10599,Target
CID_91472,Phytochemical,interacts_with,,151306,Target
CID_91472,Phytochemical,interacts_with,,28234,Target
CID_91472,Phytochemical,interacts_with,,3417,Target
CID_91472,Phytochemical,interacts_with,,9971,Target
Terminalia arjuna,SHD,contains_chemical,part:Bark,CID_12410,Phytochemical
Terminalia arjuna,SHD,contains_chemical,part:Bark,CID_65084,Phytochemical
CID_65084,Phytochemical,interacts_with,,1432,Target
CID_65084,Phytochemical,interacts_with,,23621,Target
CID_65084,Phytochemical,interacts_with,,5602,Target
CID_65084,Phytochemical,interacts_with,,5742,Target
CID_65084,Phytochemical,interacts_with,,5743,Target
CID_65084,Phytochemical,interacts_with,,596,Target
CID_65084,Phytochemical,interacts_with,,6622,Target
Terminalia arjuna,SHD,contains_chemical,part:Bark,CID_5281855,Phytochemical
CID_5281855,Phytochemical,interacts_with,,10013,Target
CID_5281855,Phytochemical,interacts_with,,10073,Target
CID_5281855,Phytochemical,interacts_with,,1017,Target
CID_5281855,Phytochemical,interacts_with,,1019,Target
CID_5281855,Phytochemical,interacts_with,,10411,Target
CID_5281855,Phytochemical,interacts_with,,10498,Target
CID_5281855,Phytochemical,interacts_with,,10587,Target
CID_5281855,Phytochemical,interacts_with,,10599,Target
CID_5281855,Phytochemical,interacts_with,,10733,Target
CID_5281855,Phytochemical,interacts_with,,10919,Target
CID_5281855,Phytochemical,interacts_with,,10951,Target
CID_5281855,Phytochemical,interacts_with,,11069,Target
CID_5281855,Phytochemical,interacts_with,,11201,Target
CID_5281855,Phytochemical,interacts_with,,11238,Target
CID_5281855,Phytochemical,interacts_with,,114112,Target
CID_5281855,Phytochemical,interacts_with,,1326,Target
CID_5281855,Phytochemical,interacts_with,,1457,Target
CID_5281855,Phytochemical,interacts_with,,1459,Target
CID_5281855,Phytochemical,interacts_with,,1460,Target
CID_5281855,Phytochemical,interacts_with,,1557,Target
CID_5281855,Phytochemical,interacts_with,,1559,Target
CID_5281855,Phytochemical,interacts_with,,1636,Target
CID_5281855,Phytochemical,interacts_with,,1845,Target
CID_5281855,Phytochemical,interacts_with,,1859,Target
CID_5281855,Phytochemical,interacts_with,,1956,Target
CID_5281855,Phytochemical,interacts_with,,1981,Target
CID_5281855,Phytochemical,interacts_with,,1995,Target
CID_5281855,Phytochemical,interacts_with,,2050,Target
CID_5281855,Phytochemical,interacts_with,,2053,Target
CID_5281855,Phytochemical,interacts_with,,2064,Target
CID_5281855,Phytochemical,interacts_with,,207,Target
CID_5281855,Phytochemical,interacts_with,,2237,Target
CID_5281855,Phytochemical,interacts_with,,231,Target
CID_5281855,Phytochemical,interacts_with,,23192,Target
CID_5281855,Phytochemical,interacts_with,,2322,Target
CID_5281855,Phytochemical,interacts_with,,2324,Target
CID_5281855,Phytochemical,interacts_with,,23405,Target
CID_5281855,Phytochemical,interacts_with,,23621,Target
CID_5281855,Phytochemical,interacts_with,,23632,Target
CID_5281855,Phytochemical,interacts_with,,238,Target
CID_5281855,Phytochemical,interacts_with,,246,Target
CID_5281855,Phytochemical,interacts_with,,247,Target
CID_5281855,Phytochemical,interacts_with,,2548,Target
CID_5281855,Phytochemical,interacts_with,,2590,Target
CID_5281855,Phytochemical,interacts_with,,2597,Target
CID_5281855,Phytochemical,interacts_with,,2648,Target
CID_5281855,Phytochemical,interacts_with,,2744,Target
CID_5281855,Phytochemical,interacts_with,,28234,Target
CID_5281855,Phytochemical,interacts_with,,2859,Target
CID_5281855,Phytochemical,interacts_with,,2932,Target
CID_5281855,Phytochemical,interacts_with,,2936,Target
CID_5281855,Phytochemical,interacts_with,,2950,Target
CID_5281855,Phytochemical,interacts_with,,29994,Target
CID_5281855,Phytochemical,interacts_with,,3028,Target
CID_5281855,Phytochemical,interacts_with,,3043,Target
CID_5281855,Phytochemical,interacts_with,,3248,Target
CID_5281855,Phytochemical,interacts_with,,328,Target
CID_5281855,Phytochemical,interacts_with,,3303,Target
CID_5281855,Phytochemical,interacts_with,,3309,Target
CID_5281855,Phytochemical,interacts_with,,3312,Target
CID_5281855,Phytochemical,interacts_with,,3417,Target
CID_5281855,Phytochemical,interacts_with,,3480,Target
CID_5281855,Phytochemical,interacts_with,,351,Target
CID_5281855,Phytochemical,interacts_with,,3551,Target
CID_5281855,Phytochemical,interacts_with,,3643,Target
CID_5281855,Phytochemical,interacts_with,,377677,Target
CID_5281855,Phytochemical,interacts_with,,3791,Target
CID_5281855,Phytochemical,interacts_with,,3837,Target
CID_5281855,Phytochemical,interacts_with,,390245,Target
CID_5281855,Phytochemical,interacts_with,,4000,Target
CID_5281855,Phytochemical,interacts_with,,4088,Target
CID_5281855,Phytochemical,interacts_with,,4128,Target
CID_5281855,Phytochemical,interacts_with,,4137,Target
CID_5281855,Phytochemical,interacts_with,,4154,Target
CID_5281855,Phytochemical,interacts_with,,4170,Target
CID_5281855,Phytochemical,interacts_with,,4233,Target
CID_5281855,Phytochemical,interacts_with,,4282,Target
CID_5281855,Phytochemical,interacts_with,,4297,Target
CID_5281855,Phytochemical,interacts_with,,43,Target
CID_5281855,Phytochemical,interacts_with,,472,Target
CID_5281855,Phytochemical,interacts_with,,4780,Target
CID_5281855,Phytochemical,interacts_with,,4869,Target
CID_5281855,Phytochemical,interacts_with,,4907,Target
CID_5281855,Phytochemical,interacts_with,,51053,Target
CID_5281855,Phytochemical,interacts_with,,51426,Target
CID_5281855,Phytochemical,interacts_with,,5159,Target
CID_5281855,Phytochemical,interacts_with,,5300,Target
CID_5281855,Phytochemical,interacts_with,,5313,Target
CID_5281855,Phytochemical,interacts_with,,5347,Target
CID_5281855,Phytochemical,interacts_with,,5423,Target
CID_5281855,Phytochemical,interacts_with,,5429,Target
CID_5281855,Phytochemical,interacts_with,,5566,Target
CID_5281855,Phytochemical,interacts_with,,5567,Target
CID_5281855,Phytochemical,interacts_with,,5568,Target
CID_5281855,Phytochemical,interacts_with,,55775,Target
CID_5281855,Phytochemical,interacts_with,,55867,Target
CID_5281855,Phytochemical,interacts_with,,5594,Target
CID_5281855,Phytochemical,interacts_with,,5747,Target
CID_5281855,Phytochemical,interacts_with,,5770,Target
CID_5281855,Phytochemical,interacts_with,,57787,Target
CID_5281855,Phytochemical,interacts_with,,595,Target
CID_5281855,Phytochemical,interacts_with,,5965,Target
CID_5281855,Phytochemical,interacts_with,,5979,Target
CID_5281855,Phytochemical,interacts_with,,5999,Target
CID_5281855,Phytochemical,interacts_with,,641,Target
CID_5281855,Phytochemical,interacts_with,,6714,Target
CID_5281855,Phytochemical,interacts_with,,673,Target
CID_5281855,Phytochemical,interacts_with,,6790,Target
CID_5281855,Phytochemical,interacts_with,,7010,Target
CID_5281855,Phytochemical,interacts_with,,7068,Target
CID_5281855,Phytochemical,interacts_with,,7155,Target
CID_5281855,Phytochemical,interacts_with,,7157,Target
CID_5281855,Phytochemical,interacts_with,,7257,Target
CID_5281855,Phytochemical,interacts_with,,7296,Target
CID_5281855,Phytochemical,interacts_with,,7398,Target
CID_5281855,Phytochemical,interacts_with,,7421,Target
CID_5281855,Phytochemical,interacts_with,,759,Target
CID_5281855,Phytochemical,interacts_with,,760,Target
CID_5281855,Phytochemical,interacts_with,,761,Target
CID_5281855,Phytochemical,interacts_with,,762,Target
CID_5281855,Phytochemical,interacts_with,,763,Target
CID_5281855,Phytochemical,interacts_with,,765,Target
CID_5281855,Phytochemical,interacts_with,,766,Target
CID_5281855,Phytochemical,interacts_with,,768,Target
CID_5281855,Phytochemical,interacts_with,,771,Target
CID_5281855,Phytochemical,interacts_with,,861,Target
CID_5281855,Phytochemical,interacts_with,,865,Target
CID_5281855,Phytochemical,interacts_with,,8877,Target
CID_5281855,Phytochemical,interacts_with,,890,Target
CID_5281855,Phytochemical,interacts_with,,8900,Target
CID_5281855,Phytochemical,interacts_with,,9099,Target
CID_5281855,Phytochemical,interacts_with,,9212,Target
CID_5281855,Phytochemical,interacts_with,,9356,Target
CID_5281855,Phytochemical,interacts_with,,9682,Target
CID_5281855,Phytochemical,interacts_with,,9891,Target
Terminalia arjuna,SHD,contains_chemical,part:Bark,CID_289,Phytochemical
CID_289,Phytochemical,interacts_with,,10280,Target
CID_289,Phytochemical,interacts_with,,10800,Target
CID_289,Phytochemical,interacts_with,,10919,Target
CID_289,Phytochemical,interacts_with,,10951,Target
CID_289,Phytochemical,interacts_with,,11201,Target
CID_289,Phytochemical,interacts_with,,11238,Target
CID_289,Phytochemical,interacts_with,,1128,Target
CID_289,Phytochemical,interacts_with,,1129,Target
CID_289,Phytochemical,interacts_with,,1131,Target
CID_289,Phytochemical,interacts_with,,1132,Target
CID_289,Phytochemical,interacts_with,,1133,Target
CID_289,Phytochemical,interacts_with,,1233,Target
CID_289,Phytochemical,interacts_with,,1234,Target
CID_289,Phytochemical,interacts_with,,1268,Target
CID_289,Phytochemical,interacts_with,,134,Target
CID_289,Phytochemical,interacts_with,,135,Target
CID_289,Phytochemical,interacts_with,,140,Target
CID_289,Phytochemical,interacts_with,,1432,Target
CID_289,Phytochemical,interacts_with,,146,Target
CID_289,Phytochemical,interacts_with,,150,Target
CID_289,Phytochemical,interacts_with,,151,Target
CID_289,Phytochemical,interacts_with,,1511,Target
CID_289,Phytochemical,interacts_with,,152,Target
CID_289,Phytochemical,interacts_with,,153,Target
CID_289,Phytochemical,interacts_with,,154,Target
CID_289,Phytochemical,interacts_with,,1544,Target
CID_289,Phytochemical,interacts_with,,1548,Target
CID_289,Phytochemical,interacts_with,,155,Target
CID_289,Phytochemical,interacts_with,,1557,Target
CID_289,Phytochemical,interacts_with,,1559,Target
CID_289,Phytochemical,interacts_with,,1565,Target
CID_289,Phytochemical,interacts_with,,1571,Target
CID_289,Phytochemical,interacts_with,,1576,Target
CID_289,Phytochemical,interacts_with,,1812,Target
CID_289,Phytochemical,interacts_with,,1813,Target
CID_289,Phytochemical,interacts_with,,1814,Target
CID_289,Phytochemical,interacts_with,,1815,Target
CID_289,Phytochemical,interacts_with,,186,Target
CID_289,Phytochemical,interacts_with,,1909,Target
CID_289,Phytochemical,interacts_with,,1956,Target
CID_289,Phytochemical,interacts_with,,1991,Target
CID_289,Phytochemical,interacts_with,,2064,Target
CID_289,Phytochemical,interacts_with,,2099,Target
CID_289,Phytochemical,interacts_with,,2100,Target
CID_289,Phytochemical,interacts_with,,216,Target
CID_289,Phytochemical,interacts_with,,2237,Target
CID_289,Phytochemical,interacts_with,,2321,Target
CID_289,Phytochemical,interacts_with,,23632,Target
CID_289,Phytochemical,interacts_with,,240,Target
CID_289,Phytochemical,interacts_with,,246,Target
CID_289,Phytochemical,interacts_with,,247,Target
CID_289,Phytochemical,interacts_with,,2475,Target
CID_289,Phytochemical,interacts_with,,2534,Target
CID_289,Phytochemical,interacts_with,,25797,Target
CID_289,Phytochemical,interacts_with,,26013,Target
CID_289,Phytochemical,interacts_with,,2744,Target
CID_289,Phytochemical,interacts_with,,2908,Target
CID_289,Phytochemical,interacts_with,,3028,Target
CID_289,Phytochemical,interacts_with,,3091,Target
CID_289,Phytochemical,interacts_with,,3156,Target
CID_289,Phytochemical,interacts_with,,3248,Target
CID_289,Phytochemical,interacts_with,,3269,Target
CID_289,Phytochemical,interacts_with,,3274,Target
CID_289,Phytochemical,interacts_with,,328,Target
CID_289,Phytochemical,interacts_with,,3309,Target
CID_289,Phytochemical,interacts_with,,3315,Target
CID_289,Phytochemical,interacts_with,,3356,Target
CID_289,Phytochemical,interacts_with,,3357,Target
CID_289,Phytochemical,interacts_with,,3358,Target
CID_289,Phytochemical,interacts_with,,3362,Target
CID_289,Phytochemical,interacts_with,,3417,Target
CID_289,Phytochemical,interacts_with,,3576,Target
CID_289,Phytochemical,interacts_with,,3577,Target
CID_289,Phytochemical,interacts_with,,3579,Target
CID_289,Phytochemical,interacts_with,,3620,Target
CID_289,Phytochemical,interacts_with,,367,Target
CID_289,Phytochemical,interacts_with,,3725,Target
CID_289,Phytochemical,interacts_with,,3757,Target
CID_289,Phytochemical,interacts_with,,390245,Target
CID_289,Phytochemical,interacts_with,,3932,Target
CID_289,Phytochemical,interacts_with,,4000,Target
CID_289,Phytochemical,interacts_with,,4128,Target
CID_289,Phytochemical,interacts_with,,4137,Target
CID_289,Phytochemical,interacts_with,,4159,Target
CID_289,Phytochemical,interacts_with,,4160,Target
CID_289,Phytochemical,interacts_with,,4161,Target
CID_289,Phytochemical,interacts_with,,4193,Target
CID_289,Phytochemical,interacts_with,,43,Target
CID_289,Phytochemical,interacts_with,,4312,Target
CID_289,Phytochemical,interacts_with,,4313,Target
CID_289,Phytochemical,interacts_with,,4314,Target
CID_289,Phytochemical,interacts_with,,4317,Target
CID_289,Phytochemical,interacts_with,,4318,Target
CID_289,Phytochemical,interacts_with,,4780,Target
CID_289,Phytochemical,interacts_with,,4790,Target
CID_289,Phytochemical,interacts_with,,4864,Target
CID_289,Phytochemical,interacts_with,,4886,Target
CID_289,Phytochemical,interacts_with,,4887,Target
CID_289,Phytochemical,interacts_with,,4985,Target
CID_289,Phytochemical,interacts_with,,4986,Target
CID_289,Phytochemical,interacts_with,,4988,Target
CID_289,Phytochemical,interacts_with,,51053,Target
CID_289,Phytochemical,interacts_with,,51426,Target
CID_289,Phytochemical,interacts_with,,5290,Target
CID_289,Phytochemical,interacts_with,,5300,Target
CID_289,Phytochemical,interacts_with,,5376,Target
CID_289,Phytochemical,interacts_with,,5423,Target
CID_289,Phytochemical,interacts_with,,5429,Target
CID_289,Phytochemical,interacts_with,,5467,Target
CID_289,Phytochemical,interacts_with,,5468,Target
CID_289,Phytochemical,interacts_with,,54737,Target
CID_289,Phytochemical,interacts_with,,552,Target
CID_289,Phytochemical,interacts_with,,5530,Target
CID_289,Phytochemical,interacts_with,,55775,Target
CID_289,Phytochemical,interacts_with,,5578,Target
CID_289,Phytochemical,interacts_with,,5594,Target
CID_289,Phytochemical,interacts_with,,5595,Target
CID_289,Phytochemical,interacts_with,,5724,Target
CID_289,Phytochemical,interacts_with,,5742,Target
CID_289,Phytochemical,interacts_with,,5743,Target
CID_289,Phytochemical,interacts_with,,5745,Target
CID_289,Phytochemical,interacts_with,,5788,Target
CID_289,Phytochemical,interacts_with,,5965,Target
CID_289,Phytochemical,interacts_with,,5999,Target
CID_289,Phytochemical,interacts_with,,60489,Target
CID_289,Phytochemical,interacts_with,,6097,Target
CID_289,Phytochemical,interacts_with,,624,Target
CID_289,Phytochemical,interacts_with,,6311,Target
CID_289,Phytochemical,interacts_with,,641,Target
CID_289,Phytochemical,interacts_with,,6530,Target
CID_289,Phytochemical,interacts_with,,6531,Target
CID_289,Phytochemical,interacts_with,,6532,Target
CID_289,Phytochemical,interacts_with,,6606,Target
CID_289,Phytochemical,interacts_with,,6865,Target
CID_289,Phytochemical,interacts_with,,6869,Target
CID_289,Phytochemical,interacts_with,,6916,Target
CID_289,Phytochemical,interacts_with,,7066,Target
CID_289,Phytochemical,interacts_with,,729230,Target
CID_289,Phytochemical,interacts_with,,7433,Target
CID_289,Phytochemical,interacts_with,,7498,Target
CID_289,Phytochemical,interacts_with,,759,Target
CID_289,Phytochemical,interacts_with,,760,Target
CID_289,Phytochemical,interacts_with,,761,Target
CID_289,Phytochemical,interacts_with,,762,Target
CID_289,Phytochemical,interacts_with,,763,Target
CID_289,Phytochemical,interacts_with,,765,Target
CID_289,Phytochemical,interacts_with,,766,Target
CID_289,Phytochemical,interacts_with,,768,Target
CID_289,Phytochemical,interacts_with,,771,Target
CID_289,Phytochemical,interacts_with,,799,Target
CID_289,Phytochemical,interacts_with,,834,Target
CID_289,Phytochemical,interacts_with,,8654,Target
CID_289,Phytochemical,interacts_with,,886,Target
CID_289,Phytochemical,interacts_with,,9367,Target
CID_289,Phytochemical,interacts_with,,9682,Target
CID_289,Phytochemical,interacts_with,,9971,Target
Terminalia arjuna,SHD,contains_chemical,part:Bark,CID_6251,Phytochemical
CID_6251,Phytochemical,interacts_with,,10280,Target
CID_6251,Phytochemical,interacts_with,,10800,Target
CID_6251,Phytochemical,interacts_with,,11255,Target
CID_6251,Phytochemical,interacts_with,,1128,Target
CID_6251,Phytochemical,interacts_with,,1129,Target
CID_6251,Phytochemical,interacts_with,,1131,Target
CID_6251,Phytochemical,interacts_with,,1132,Target
CID_6251,Phytochemical,interacts_with,,1133,Target
CID_6251,Phytochemical,interacts_with,,1233,Target
CID_6251,Phytochemical,interacts_with,,1234,Target
CID_6251,Phytochemical,interacts_with,,1268,Target
CID_6251,Phytochemical,interacts_with,,134,Target
CID_6251,Phytochemical,interacts_with,,135,Target
CID_6251,Phytochemical,interacts_with,,140,Target
CID_6251,Phytochemical,interacts_with,,1432,Target
CID_6251,Phytochemical,interacts_with,,146,Target
CID_6251,Phytochemical,interacts_with,,148,Target
CID_6251,Phytochemical,interacts_with,,150,Target
CID_6251,Phytochemical,interacts_with,,151,Target
CID_6251,Phytochemical,interacts_with,,1511,Target
CID_6251,Phytochemical,interacts_with,,152,Target
CID_6251,Phytochemical,interacts_with,,153,Target
CID_6251,Phytochemical,interacts_with,,154,Target
CID_6251,Phytochemical,interacts_with,,1544,Target
CID_6251,Phytochemical,interacts_with,,1548,Target
CID_6251,Phytochemical,interacts_with,,155,Target
CID_6251,Phytochemical,interacts_with,,1557,Target
CID_6251,Phytochemical,interacts_with,,1559,Target
CID_6251,Phytochemical,interacts_with,,1565,Target
CID_6251,Phytochemical,interacts_with,,1571,Target
CID_6251,Phytochemical,interacts_with,,1576,Target
CID_6251,Phytochemical,interacts_with,,1812,Target
CID_6251,Phytochemical,interacts_with,,1813,Target
CID_6251,Phytochemical,interacts_with,,1814,Target
CID_6251,Phytochemical,interacts_with,,1815,Target
CID_6251,Phytochemical,interacts_with,,186,Target
CID_6251,Phytochemical,interacts_with,,1909,Target
CID_6251,Phytochemical,interacts_with,,1956,Target
CID_6251,Phytochemical,interacts_with,,1991,Target
CID_6251,Phytochemical,interacts_with,,2064,Target
CID_6251,Phytochemical,interacts_with,,2099,Target
CID_6251,Phytochemical,interacts_with,,2100,Target
CID_6251,Phytochemical,interacts_with,,2147,Target
CID_6251,Phytochemical,interacts_with,,2321,Target
CID_6251,Phytochemical,interacts_with,,23435,Target
CID_6251,Phytochemical,interacts_with,,2534,Target
CID_6251,Phytochemical,interacts_with,,2554,Target
CID_6251,Phytochemical,interacts_with,,2555,Target
CID_6251,Phytochemical,interacts_with,,2561,Target
CID_6251,Phytochemical,interacts_with,,2566,Target
CID_6251,Phytochemical,interacts_with,,26013,Target
CID_6251,Phytochemical,interacts_with,,2908,Target
CID_6251,Phytochemical,interacts_with,,3156,Target
CID_6251,Phytochemical,interacts_with,,3269,Target
CID_6251,Phytochemical,interacts_with,,3274,Target
CID_6251,Phytochemical,interacts_with,,3350,Target
CID_6251,Phytochemical,interacts_with,,3356,Target
CID_6251,Phytochemical,interacts_with,,3357,Target
CID_6251,Phytochemical,interacts_with,,3358,Target
CID_6251,Phytochemical,interacts_with,,3362,Target
CID_6251,Phytochemical,interacts_with,,3577,Target
CID_6251,Phytochemical,interacts_with,,3579,Target
CID_6251,Phytochemical,interacts_with,,367,Target
CID_6251,Phytochemical,interacts_with,,3757,Target
CID_6251,Phytochemical,interacts_with,,3791,Target
CID_6251,Phytochemical,interacts_with,,3932,Target
CID_6251,Phytochemical,interacts_with,,4000,Target
CID_6251,Phytochemical,interacts_with,,4128,Target
CID_6251,Phytochemical,interacts_with,,4159,Target
CID_6251,Phytochemical,interacts_with,,4160,Target
CID_6251,Phytochemical,interacts_with,,4161,Target
CID_6251,Phytochemical,interacts_with,,43,Target
CID_6251,Phytochemical,interacts_with,,4312,Target
CID_6251,Phytochemical,interacts_with,,4318,Target
CID_6251,Phytochemical,interacts_with,,4780,Target
CID_6251,Phytochemical,interacts_with,,4886,Target
CID_6251,Phytochemical,interacts_with,,4887,Target
CID_6251,Phytochemical,interacts_with,,49,Target
CID_6251,Phytochemical,interacts_with,,4985,Target
CID_6251,Phytochemical,interacts_with,,4986,Target
CID_6251,Phytochemical,interacts_with,,4988,Target
CID_6251,Phytochemical,interacts_with,,51053,Target
CID_6251,Phytochemical,interacts_with,,5139,Target
CID_6251,Phytochemical,interacts_with,,5141,Target
CID_6251,Phytochemical,interacts_with,,5241,Target
CID_6251,Phytochemical,interacts_with,,5243,Target
CID_6251,Phytochemical,interacts_with,,552,Target
CID_6251,Phytochemical,interacts_with,,5530,Target
CID_6251,Phytochemical,interacts_with,,5578,Target
CID_6251,Phytochemical,interacts_with,,5594,Target
CID_6251,Phytochemical,interacts_with,,5595,Target
CID_6251,Phytochemical,interacts_with,,5724,Target
CID_6251,Phytochemical,interacts_with,,5742,Target
CID_6251,Phytochemical,interacts_with,,5743,Target
CID_6251,Phytochemical,interacts_with,,5788,Target
CID_6251,Phytochemical,interacts_with,,624,Target
CID_6251,Phytochemical,interacts_with,,6530,Target
CID_6251,Phytochemical,interacts_with,,6531,Target
CID_6251,Phytochemical,interacts_with,,6532,Target
CID_6251,Phytochemical,interacts_with,,6580,Target
CID_6251,Phytochemical,interacts_with,,6865,Target
CID_6251,Phytochemical,interacts_with,,6869,Target
CID_6251,Phytochemical,interacts_with,,6915,Target
CID_6251,Phytochemical,interacts_with,,6916,Target
CID_6251,Phytochemical,interacts_with,,729230,Target
CID_6251,Phytochemical,interacts_with,,7398,Target
CID_6251,Phytochemical,interacts_with,,7433,Target
CID_6251,Phytochemical,interacts_with,,760,Target
CID_6251,Phytochemical,interacts_with,,799,Target
CID_6251,Phytochemical,interacts_with,,834,Target
CID_6251,Phytochemical,interacts_with,,8654,Target
CID_6251,Phytochemical,interacts_with,,886,Target
CID_6251,Phytochemical,interacts_with,,9429,Target
Terminalia arjuna,SHD,contains_chemical,part:Bark,CID_72277,Phytochemical
CID_72277,Phytochemical,interacts_with,,10599,Target
CID_72277,Phytochemical,interacts_with,,11309,Target
CID_72277,Phytochemical,interacts_with,,118429,Target
CID_72277,Phytochemical,interacts_with,,1268,Target
CID_72277,Phytochemical,interacts_with,,1269,Target
CID_72277,Phytochemical,interacts_with,,213,Target
CID_72277,Phytochemical,interacts_with,,28234,Target
CID_72277,Phytochemical,interacts_with,,4985,Target
CID_72277,Phytochemical,interacts_with,,4986,Target
CID_72277,Phytochemical,interacts_with,,4988,Target
CID_72277,Phytochemical,interacts_with,,5226,Target
CID_72277,Phytochemical,interacts_with,,5693,Target
CID_72277,Phytochemical,interacts_with,,5893,Target
CID_72277,Phytochemical,interacts_with,,596,Target
CID_72277,Phytochemical,interacts_with,,65220,Target
CID_72277,Phytochemical,interacts_with,,6622,Target
CID_72277,Phytochemical,interacts_with,,7257,Target
CID_72277,Phytochemical,interacts_with,,7498,Target
Terminalia arjuna,SHD,contains_chemical,part:Bark,CID_10494,Phytochemical
Terminalia arjuna,SHD,contains_chemical,part:Bark,CID_73641,Phytochemical
CID_73641,Phytochemical,interacts_with,,151306,Target
CID_73641,Phytochemical,interacts_with,,240,Target
CID_73641,Phytochemical,interacts_with,,247,Target
CID_73641,Phytochemical,interacts_with,,5743,Target
CID_73641,Phytochemical,interacts_with,,9971,Target
Terminalia arjuna,SHD,contains_chemical,part:Bark,CID_440835,Phytochemical
Terminalia arjuna,SHD,contains_chemical,part:Bark,CID_622032,Phytochemical
Terminalia arjuna,SHD,contains_chemical,part:Bark,CID_15385516,Phytochemical
Terminalia arjuna,SHD,contains_chemical,part:Bark,CID_14034812,Phytochemical
CID_14034812,Phytochemical,interacts_with,,4193,Target
CID_14034812,Phytochemical,interacts_with,,7157,Target
Terminalia arjuna,SHD,contains_chemical,part:Bark,CID_5281605,Phytochemical
CID_5281605,Phytochemical,interacts_with,,10013,Target
CID_5281605,Phytochemical,interacts_with,,100861540,Target
CID_5281605,Phytochemical,interacts_with,,10411,Target
CID_5281605,Phytochemical,interacts_with,,10599,Target
CID_5281605,Phytochemical,interacts_with,,10769,Target
CID_5281605,Phytochemical,interacts_with,,11201,Target
CID_5281605,Phytochemical,interacts_with,,11283,Target
CID_5281605,Phytochemical,interacts_with,,113612,Target
CID_5281605,Phytochemical,interacts_with,,120227,Target
CID_5281605,Phytochemical,interacts_with,,1263,Target
CID_5281605,Phytochemical,interacts_with,,1385,Target
CID_5281605,Phytochemical,interacts_with,,1457,Target
CID_5281605,Phytochemical,interacts_with,,1459,Target
CID_5281605,Phytochemical,interacts_with,,1460,Target
CID_5281605,Phytochemical,interacts_with,,1543,Target
CID_5281605,Phytochemical,interacts_with,,1544,Target
CID_5281605,Phytochemical,interacts_with,,1545,Target
CID_5281605,Phytochemical,interacts_with,,1548,Target
CID_5281605,Phytochemical,interacts_with,,1549,Target
CID_5281605,Phytochemical,interacts_with,,1553,Target
CID_5281605,Phytochemical,interacts_with,,1555,Target
CID_5281605,Phytochemical,interacts_with,,1557,Target
CID_5281605,Phytochemical,interacts_with,,1558,Target
CID_5281605,Phytochemical,interacts_with,,1559,Target
CID_5281605,Phytochemical,interacts_with,,1562,Target
CID_5281605,Phytochemical,interacts_with,,1565,Target
CID_5281605,Phytochemical,interacts_with,,1571,Target
CID_5281605,Phytochemical,interacts_with,,1572,Target
CID_5281605,Phytochemical,interacts_with,,1573,Target
CID_5281605,Phytochemical,interacts_with,,1576,Target
CID_5281605,Phytochemical,interacts_with,,1577,Target
CID_5281605,Phytochemical,interacts_with,,1579,Target
CID_5281605,Phytochemical,interacts_with,,1580,Target
CID_5281605,Phytochemical,interacts_with,,1612,Target
CID_5281605,Phytochemical,interacts_with,,18,Target
CID_5281605,Phytochemical,interacts_with,,1803,Target
CID_5281605,Phytochemical,interacts_with,,207,Target
CID_5281605,Phytochemical,interacts_with,,2099,Target
CID_5281605,Phytochemical,interacts_with,,216,Target
CID_5281605,Phytochemical,interacts_with,,2203,Target
CID_5281605,Phytochemical,interacts_with,,2237,Target
CID_5281605,Phytochemical,interacts_with,,23028,Target
CID_5281605,Phytochemical,interacts_with,,2322,Target
CID_5281605,Phytochemical,interacts_with,,239,Target
CID_5281605,Phytochemical,interacts_with,,240,Target
CID_5281605,Phytochemical,interacts_with,,246,Target
CID_5281605,Phytochemical,interacts_with,,247,Target
CID_5281605,Phytochemical,interacts_with,,2548,Target
CID_5281605,Phytochemical,interacts_with,,2554,Target
CID_5281605,Phytochemical,interacts_with,,2555,Target
CID_5281605,Phytochemical,interacts_with,,2556,Target
CID_5281605,Phytochemical,interacts_with,,2557,Target
CID_5281605,Phytochemical,interacts_with,,2558,Target
CID_5281605,Phytochemical,interacts_with,,2559,Target
CID_5281605,Phytochemical,interacts_with,,2560,Target
CID_5281605,Phytochemical,interacts_with,,2561,Target
CID_5281605,Phytochemical,interacts_with,,2562,Target
CID_5281605,Phytochemical,interacts_with,,2563,Target
CID_5281605,Phytochemical,interacts_with,,2564,Target
CID_5281605,Phytochemical,interacts_with,,2565,Target
CID_5281605,Phytochemical,interacts_with,,2566,Target
CID_5281605,Phytochemical,interacts_with,,2567,Target
CID_5281605,Phytochemical,interacts_with,,2568,Target
CID_5281605,Phytochemical,interacts_with,,25939,Target
CID_5281605,Phytochemical,interacts_with,,2597,Target
CID_5281605,Phytochemical,interacts_with,,26013,Target
CID_5281605,Phytochemical,interacts_with,,2629,Target
CID_5281605,Phytochemical,interacts_with,,2739,Target
CID_5281605,Phytochemical,interacts_with,,28234,Target
CID_5281605,Phytochemical,interacts_with,,283106,Target
CID_5281605,Phytochemical,interacts_with,,284541,Target
CID_5281605,Phytochemical,interacts_with,,2859,Target
CID_5281605,Phytochemical,interacts_with,,2870,Target
CID_5281605,Phytochemical,interacts_with,,2908,Target
CID_5281605,Phytochemical,interacts_with,,29785,Target
CID_5281605,Phytochemical,interacts_with,,3028,Target
CID_5281605,Phytochemical,interacts_with,,3043,Target
CID_5281605,Phytochemical,interacts_with,,3248,Target
CID_5281605,Phytochemical,interacts_with,,328,Target
CID_5281605,Phytochemical,interacts_with,,3293,Target
CID_5281605,Phytochemical,interacts_with,,3363,Target
CID_5281605,Phytochemical,interacts_with,,367,Target
CID_5281605,Phytochemical,interacts_with,,3725,Target
CID_5281605,Phytochemical,interacts_with,,3741,Target
CID_5281605,Phytochemical,interacts_with,,3757,Target
CID_5281605,Phytochemical,interacts_with,,390245,Target
CID_5281605,Phytochemical,interacts_with,,4051,Target
CID_5281605,Phytochemical,interacts_with,,4137,Target
CID_5281605,Phytochemical,interacts_with,,4297,Target
CID_5281605,Phytochemical,interacts_with,,4759,Target
CID_5281605,Phytochemical,interacts_with,,51053,Target
CID_5281605,Phytochemical,interacts_with,,51422,Target
CID_5281605,Phytochemical,interacts_with,,51426,Target
CID_5281605,Phytochemical,interacts_with,,5241,Target
CID_5281605,Phytochemical,interacts_with,,5243,Target
CID_5281605,Phytochemical,interacts_with,,5292,Target
CID_5281605,Phytochemical,interacts_with,,5300,Target
CID_5281605,Phytochemical,interacts_with,,5347,Target
CID_5281605,Phytochemical,interacts_with,,53632,Target
CID_5281605,Phytochemical,interacts_with,,54205,Target
CID_5281605,Phytochemical,interacts_with,,5429,Target
CID_5281605,Phytochemical,interacts_with,,54583,Target
CID_5281605,Phytochemical,interacts_with,,54658,Target
CID_5281605,Phytochemical,interacts_with,,54905,Target
CID_5281605,Phytochemical,interacts_with,,5550,Target
CID_5281605,Phytochemical,interacts_with,,5562,Target
CID_5281605,Phytochemical,interacts_with,,5563,Target
CID_5281605,Phytochemical,interacts_with,,5564,Target
CID_5281605,Phytochemical,interacts_with,,5565,Target
CID_5281605,Phytochemical,interacts_with,,55662,Target
CID_5281605,Phytochemical,interacts_with,,5571,Target
CID_5281605,Phytochemical,interacts_with,,55775,Target
CID_5281605,Phytochemical,interacts_with,,55879,Target
CID_5281605,Phytochemical,interacts_with,,5644,Target
CID_5281605,Phytochemical,interacts_with,,5645,Target
CID_5281605,Phytochemical,interacts_with,,5646,Target
CID_5281605,Phytochemical,interacts_with,,5802,Target
CID_5281605,Phytochemical,interacts_with,,5965,Target
CID_5281605,Phytochemical,interacts_with,,6401,Target
CID_5281605,Phytochemical,interacts_with,,6402,Target
CID_5281605,Phytochemical,interacts_with,,6403,Target
CID_5281605,Phytochemical,interacts_with,,641,Target
CID_5281605,Phytochemical,interacts_with,,6476,Target
CID_5281605,Phytochemical,interacts_with,,64816,Target
CID_5281605,Phytochemical,interacts_with,,6606,Target
CID_5281605,Phytochemical,interacts_with,,6622,Target
CID_5281605,Phytochemical,interacts_with,,672,Target
CID_5281605,Phytochemical,interacts_with,,7068,Target
CID_5281605,Phytochemical,interacts_with,,7157,Target
CID_5281605,Phytochemical,interacts_with,,7366,Target
CID_5281605,Phytochemical,interacts_with,,7486,Target
CID_5281605,Phytochemical,interacts_with,,7498,Target
CID_5281605,Phytochemical,interacts_with,,7525,Target
CID_5281605,Phytochemical,interacts_with,,79915,Target
CID_5281605,Phytochemical,interacts_with,,8529,Target
CID_5281605,Phytochemical,interacts_with,,865,Target
CID_5281605,Phytochemical,interacts_with,,891,Target
CID_5281605,Phytochemical,interacts_with,,8972,Target
CID_5281605,Phytochemical,interacts_with,,9099,Target
CID_5281605,Phytochemical,interacts_with,,9212,Target
CID_5281605,Phytochemical,interacts_with,,9682,Target
CID_5281605,Phytochemical,interacts_with,,983,Target
Terminalia arjuna,SHD,contains_chemical,part:Bark,CID_12444386,Phytochemical
Terminalia arjuna,SHD,contains_chemical,part:Bark,CID_132568257,Phytochemical
Terminalia arjuna,SHD,contains_chemical,part:Bark,CAS_82178-34-5,Phytochemical
Terminalia arjuna,SHD,contains_chemical,part:Bark,CID_5365034,Phytochemical
Tectona grandis,SHD,contains_chemical,part:Wood,CID_222284,Phytochemical
Tectona grandis,SHD,contains_chemical,part:Wood,CID_64971,Phytochemical
CID_64971,Phytochemical,interacts_with,,10013,Target
CID_64971,Phytochemical,interacts_with,,10054,Target
CID_64971,Phytochemical,interacts_with,,10055,Target
CID_64971,Phytochemical,interacts_with,,10062,Target
CID_64971,Phytochemical,interacts_with,,10599,Target
CID_64971,Phytochemical,interacts_with,,1071,Target
CID_64971,Phytochemical,interacts_with,,11069,Target
CID_64971,Phytochemical,interacts_with,,112398,Target
CID_64971,Phytochemical,interacts_with,,112399,Target
CID_64971,Phytochemical,interacts_with,,151306,Target
CID_64971,Phytochemical,interacts_with,,1728,Target
CID_64971,Phytochemical,interacts_with,,1803,Target
CID_64971,Phytochemical,interacts_with,,200316,Target
CID_64971,Phytochemical,interacts_with,,213,Target
CID_64971,Phytochemical,interacts_with,,231,Target
CID_64971,Phytochemical,interacts_with,,2735,Target
CID_64971,Phytochemical,interacts_with,,2740,Target
CID_64971,Phytochemical,interacts_with,,28234,Target
CID_64971,Phytochemical,interacts_with,,2932,Target
CID_64971,Phytochemical,interacts_with,,3417,Target
CID_64971,Phytochemical,interacts_with,,4907,Target
CID_64971,Phytochemical,interacts_with,,51053,Target
CID_64971,Phytochemical,interacts_with,,51422,Target
CID_64971,Phytochemical,interacts_with,,51426,Target
CID_64971,Phytochemical,interacts_with,,53632,Target
CID_64971,Phytochemical,interacts_with,,5423,Target
CID_64971,Phytochemical,interacts_with,,5429,Target
CID_64971,Phytochemical,interacts_with,,54583,Target
CID_64971,Phytochemical,interacts_with,,54681,Target
CID_64971,Phytochemical,interacts_with,,5562,Target
CID_64971,Phytochemical,interacts_with,,5563,Target
CID_64971,Phytochemical,interacts_with,,5564,Target
CID_64971,Phytochemical,interacts_with,,5565,Target
CID_64971,Phytochemical,interacts_with,,5571,Target
CID_64971,Phytochemical,interacts_with,,55775,Target
CID_64971,Phytochemical,interacts_with,,5579,Target
CID_64971,Phytochemical,interacts_with,,5581,Target
CID_64971,Phytochemical,interacts_with,,57016,Target
CID_64971,Phytochemical,interacts_with,,5745,Target
CID_64971,Phytochemical,interacts_with,,5770,Target
CID_64971,Phytochemical,interacts_with,,5970,Target
CID_64971,Phytochemical,interacts_with,,5999,Target
CID_64971,Phytochemical,interacts_with,,60489,Target
CID_64971,Phytochemical,interacts_with,,7150,Target
CID_64971,Phytochemical,interacts_with,,7376,Target
CID_64971,Phytochemical,interacts_with,,9971,Target
Tectona grandis,SHD,contains_chemical,part:Wood,CID_3884,Phytochemical
CID_3884,Phytochemical,interacts_with,,10599,Target
CID_3884,Phytochemical,interacts_with,,1723,Target
CID_3884,Phytochemical,interacts_with,,2739,Target
CID_3884,Phytochemical,interacts_with,,28234,Target
CID_3884,Phytochemical,interacts_with,,2859,Target
CID_3884,Phytochemical,interacts_with,,4137,Target
CID_3884,Phytochemical,interacts_with,,5315,Target
CID_3884,Phytochemical,interacts_with,,6197,Target
CID_3884,Phytochemical,interacts_with,,6606,Target
CID_3884,Phytochemical,interacts_with,,7398,Target
CID_3884,Phytochemical,interacts_with,,7421,Target
CID_3884,Phytochemical,interacts_with,,80854,Target
CID_3884,Phytochemical,interacts_with,,993,Target
CID_3884,Phytochemical,interacts_with,,994,Target
Tectona grandis,SHD,contains_chemical,part:Wood,CID_6773,Phytochemical
CID_6773,Phytochemical,interacts_with,,1991,Target
CID_6773,Phytochemical,interacts_with,,367,Target
CID_6773,Phytochemical,interacts_with,,4780,Target
Tectona grandis,SHD,contains_chemical,part:Wood,CID_931,Phytochemical
CID_931,Phytochemical,interacts_with,,1544,Target
CID_931,Phytochemical,interacts_with,,1548,Target
CID_931,Phytochemical,interacts_with,,239,Target
CID_931,Phytochemical,interacts_with,,367,Target
CID_931,Phytochemical,interacts_with,,51053,Target
CID_931,Phytochemical,interacts_with,,5745,Target
Tectona grandis,SHD,contains_chemical,part:Wood,CID_6780,Phytochemical
CID_6780,Phytochemical,interacts_with,,10013,Target
CID_6780,Phytochemical,interacts_with,,10599,Target
CID_6780,Phytochemical,interacts_with,,10919,Target
CID_6780,Phytochemical,interacts_with,,2099,Target
CID_6780,Phytochemical,interacts_with,,2100,Target
CID_6780,Phytochemical,interacts_with,,28234,Target
CID_6780,Phytochemical,interacts_with,,4129,Target
CID_6780,Phytochemical,interacts_with,,4297,Target
CID_6780,Phytochemical,interacts_with,,4780,Target
CID_6780,Phytochemical,interacts_with,,5166,Target
CID_6780,Phytochemical,interacts_with,,54576,Target
CID_6780,Phytochemical,interacts_with,,54658,Target
CID_6780,Phytochemical,interacts_with,,6256,Target
CID_6780,Phytochemical,interacts_with,,79813,Target
CID_6780,Phytochemical,interacts_with,,994,Target
Tectona grandis,SHD,contains_chemical,part:Wood,CID_3037329,Phytochemical
Tectona grandis,SHD,contains_chemical,part:Wood,CID_72734,Phytochemical
CID_72734,Phytochemical,interacts_with,,1728,Target
CID_72734,Phytochemical,interacts_with,,3620,Target
CID_72734,Phytochemical,interacts_with,,5447,Target
Tectona grandis,SHD,contains_chemical,part:Wood,CID_67030,Phytochemical
CID_67030,Phytochemical,interacts_with,,4759,Target
CID_67030,Phytochemical,interacts_with,,7276,Target
Tectona grandis,SHD,contains_chemical,part:Wood,CID_3574508,Phytochemical
Tectona grandis,SHD,contains_chemical,part:Wood,CID_344310,Phytochemical
Tectona grandis,SHD,contains_chemical,part:Wood,CID_5318245,Phytochemical
Tectona grandis,SHD,contains_chemical,part:Wood,CID_14283285,Phytochemical
Tectona grandis,SHD,contains_chemical,part:Wood,CID_13970503,Phytochemical
Aegle marmelos,SHD,contains_chemical,part:Bark,CID_222284,Phytochemical
Aegle marmelos,SHD,contains_chemical,part:Bark,CID_259846,Phytochemical
Aegle marmelos,SHD,contains_chemical,part:Bark,CID_323,Phytochemical
CID_323,Phytochemical,interacts_with,,10013,Target
CID_323,Phytochemical,interacts_with,,10280,Target
CID_323,Phytochemical,interacts_with,,10599,Target
CID_323,Phytochemical,interacts_with,,10800,Target
CID_323,Phytochemical,interacts_with,,11201,Target
CID_323,Phytochemical,interacts_with,,11238,Target
CID_323,Phytochemical,interacts_with,,1128,Target
CID_323,Phytochemical,interacts_with,,1129,Target
CID_323,Phytochemical,interacts_with,,11309,Target
CID_323,Phytochemical,interacts_with,,1131,Target
CID_323,Phytochemical,interacts_with,,1132,Target
CID_323,Phytochemical,interacts_with,,1133,Target
CID_323,Phytochemical,interacts_with,,1233,Target
CID_323,Phytochemical,interacts_with,,1234,Target
CID_323,Phytochemical,interacts_with,,1268,Target
CID_323,Phytochemical,interacts_with,,134,Target
CID_323,Phytochemical,interacts_with,,135,Target
CID_323,Phytochemical,interacts_with,,140,Target
CID_323,Phytochemical,interacts_with,,1432,Target
CID_323,Phytochemical,interacts_with,,146,Target
CID_323,Phytochemical,interacts_with,,150,Target
CID_323,Phytochemical,interacts_with,,1504,Target
CID_323,Phytochemical,interacts_with,,151,Target
CID_323,Phytochemical,interacts_with,,1511,Target
CID_323,Phytochemical,interacts_with,,152,Target
CID_323,Phytochemical,interacts_with,,153,Target
CID_323,Phytochemical,interacts_with,,154,Target
CID_323,Phytochemical,interacts_with,,1544,Target
CID_323,Phytochemical,interacts_with,,1548,Target
CID_323,Phytochemical,interacts_with,,155,Target
CID_323,Phytochemical,interacts_with,,1557,Target
CID_323,Phytochemical,interacts_with,,1559,Target
CID_323,Phytochemical,interacts_with,,1565,Target
CID_323,Phytochemical,interacts_with,,1571,Target
CID_323,Phytochemical,interacts_with,,1576,Target
CID_323,Phytochemical,interacts_with,,1812,Target
CID_323,Phytochemical,interacts_with,,1813,Target
CID_323,Phytochemical,interacts_with,,1814,Target
CID_323,Phytochemical,interacts_with,,1815,Target
CID_323,Phytochemical,interacts_with,,186,Target
CID_323,Phytochemical,interacts_with,,1909,Target
CID_323,Phytochemical,interacts_with,,1956,Target
CID_323,Phytochemical,interacts_with,,1991,Target
CID_323,Phytochemical,interacts_with,,2064,Target
CID_323,Phytochemical,interacts_with,,2099,Target
CID_323,Phytochemical,interacts_with,,2100,Target
CID_323,Phytochemical,interacts_with,,213,Target
CID_323,Phytochemical,interacts_with,,231,Target
CID_323,Phytochemical,interacts_with,,2321,Target
CID_323,Phytochemical,interacts_with,,23621,Target
CID_323,Phytochemical,interacts_with,,23632,Target
CID_323,Phytochemical,interacts_with,,2534,Target
CID_323,Phytochemical,interacts_with,,2581,Target
CID_323,Phytochemical,interacts_with,,2597,Target
CID_323,Phytochemical,interacts_with,,28234,Target
CID_323,Phytochemical,interacts_with,,2908,Target
CID_323,Phytochemical,interacts_with,,3156,Target
CID_323,Phytochemical,interacts_with,,3269,Target
CID_323,Phytochemical,interacts_with,,3274,Target
CID_323,Phytochemical,interacts_with,,3356,Target
CID_323,Phytochemical,interacts_with,,3357,Target
CID_323,Phytochemical,interacts_with,,3358,Target
CID_323,Phytochemical,interacts_with,,3362,Target
CID_323,Phytochemical,interacts_with,,3577,Target
CID_323,Phytochemical,interacts_with,,3579,Target
CID_323,Phytochemical,interacts_with,,367,Target
CID_323,Phytochemical,interacts_with,,3757,Target
CID_323,Phytochemical,interacts_with,,377677,Target
CID_323,Phytochemical,interacts_with,,3932,Target
CID_323,Phytochemical,interacts_with,,4000,Target
CID_323,Phytochemical,interacts_with,,4128,Target
CID_323,Phytochemical,interacts_with,,4154,Target
CID_323,Phytochemical,interacts_with,,4159,Target
CID_323,Phytochemical,interacts_with,,4160,Target
CID_323,Phytochemical,interacts_with,,4161,Target
CID_323,Phytochemical,interacts_with,,4170,Target
CID_323,Phytochemical,interacts_with,,43,Target
CID_323,Phytochemical,interacts_with,,4312,Target
CID_323,Phytochemical,interacts_with,,4318,Target
CID_323,Phytochemical,interacts_with,,4780,Target
CID_323,Phytochemical,interacts_with,,4886,Target
CID_323,Phytochemical,interacts_with,,4887,Target
CID_323,Phytochemical,interacts_with,,4985,Target
CID_323,Phytochemical,interacts_with,,4986,Target
CID_323,Phytochemical,interacts_with,,4988,Target
CID_323,Phytochemical,interacts_with,,552,Target
CID_323,Phytochemical,interacts_with,,5530,Target
CID_323,Phytochemical,interacts_with,,55775,Target
CID_323,Phytochemical,interacts_with,,5578,Target
CID_323,Phytochemical,interacts_with,,5594,Target
CID_323,Phytochemical,interacts_with,,5595,Target
CID_323,Phytochemical,interacts_with,,5644,Target
CID_323,Phytochemical,interacts_with,,5724,Target
CID_323,Phytochemical,interacts_with,,5742,Target
CID_323,Phytochemical,interacts_with,,5743,Target
CID_323,Phytochemical,interacts_with,,5788,Target
CID_323,Phytochemical,interacts_with,,624,Target
CID_323,Phytochemical,interacts_with,,6530,Target
CID_323,Phytochemical,interacts_with,,6531,Target
CID_323,Phytochemical,interacts_with,,6532,Target
CID_323,Phytochemical,interacts_with,,6652,Target
CID_323,Phytochemical,interacts_with,,6865,Target
CID_323,Phytochemical,interacts_with,,6869,Target
CID_323,Phytochemical,interacts_with,,6916,Target
CID_323,Phytochemical,interacts_with,,7068,Target
CID_323,Phytochemical,interacts_with,,729230,Target
CID_323,Phytochemical,interacts_with,,7398,Target
CID_323,Phytochemical,interacts_with,,7433,Target
CID_323,Phytochemical,interacts_with,,7514,Target
CID_323,Phytochemical,interacts_with,,759,Target
CID_323,Phytochemical,interacts_with,,760,Target
CID_323,Phytochemical,interacts_with,,761,Target
CID_323,Phytochemical,interacts_with,,762,Target
CID_323,Phytochemical,interacts_with,,763,Target
CID_323,Phytochemical,interacts_with,,765,Target
CID_323,Phytochemical,interacts_with,,766,Target
CID_323,Phytochemical,interacts_with,,768,Target
CID_323,Phytochemical,interacts_with,,771,Target
CID_323,Phytochemical,interacts_with,,799,Target
CID_323,Phytochemical,interacts_with,,834,Target
CID_323,Phytochemical,interacts_with,,8647,Target
CID_323,Phytochemical,interacts_with,,865,Target
CID_323,Phytochemical,interacts_with,,8654,Target
CID_323,Phytochemical,interacts_with,,886,Target
CID_323,Phytochemical,interacts_with,,9971,Target
Aegle marmelos,SHD,contains_chemical,part:Bark,CID_1550607,Phytochemical
CID_1550607,Phytochemical,interacts_with,,10919,Target
CID_1550607,Phytochemical,interacts_with,,10951,Target
CID_1550607,Phytochemical,interacts_with,,126328,Target
CID_1550607,Phytochemical,interacts_with,,1576,Target
CID_1550607,Phytochemical,interacts_with,,216,Target
CID_1550607,Phytochemical,interacts_with,,23435,Target
CID_1550607,Phytochemical,interacts_with,,23621,Target
CID_1550607,Phytochemical,interacts_with,,246,Target
CID_1550607,Phytochemical,interacts_with,,25915,Target
CID_1550607,Phytochemical,interacts_with,,26013,Target
CID_1550607,Phytochemical,interacts_with,,2629,Target
CID_1550607,Phytochemical,interacts_with,,2717,Target
CID_1550607,Phytochemical,interacts_with,,2740,Target
CID_1550607,Phytochemical,interacts_with,,29078,Target
CID_1550607,Phytochemical,interacts_with,,29994,Target
CID_1550607,Phytochemical,interacts_with,,3028,Target
CID_1550607,Phytochemical,interacts_with,,3248,Target
CID_1550607,Phytochemical,interacts_with,,374291,Target
CID_1550607,Phytochemical,interacts_with,,390245,Target
CID_1550607,Phytochemical,interacts_with,,4088,Target
CID_1550607,Phytochemical,interacts_with,,4137,Target
CID_1550607,Phytochemical,interacts_with,,4535,Target
CID_1550607,Phytochemical,interacts_with,,4536,Target
CID_1550607,Phytochemical,interacts_with,,4537,Target
CID_1550607,Phytochemical,interacts_with,,4538,Target
CID_1550607,Phytochemical,interacts_with,,4539,Target
CID_1550607,Phytochemical,interacts_with,,4540,Target
CID_1550607,Phytochemical,interacts_with,,4541,Target
CID_1550607,Phytochemical,interacts_with,,4543,Target
CID_1550607,Phytochemical,interacts_with,,4694,Target
CID_1550607,Phytochemical,interacts_with,,4695,Target
CID_1550607,Phytochemical,interacts_with,,4696,Target
CID_1550607,Phytochemical,interacts_with,,4697,Target
CID_1550607,Phytochemical,interacts_with,,4698,Target
CID_1550607,Phytochemical,interacts_with,,4700,Target
CID_1550607,Phytochemical,interacts_with,,4701,Target
CID_1550607,Phytochemical,interacts_with,,4702,Target
CID_1550607,Phytochemical,interacts_with,,4704,Target
CID_1550607,Phytochemical,interacts_with,,4705,Target
CID_1550607,Phytochemical,interacts_with,,4706,Target
CID_1550607,Phytochemical,interacts_with,,4707,Target
CID_1550607,Phytochemical,interacts_with,,4708,Target
CID_1550607,Phytochemical,interacts_with,,4709,Target
CID_1550607,Phytochemical,interacts_with,,4710,Target
CID_1550607,Phytochemical,interacts_with,,4711,Target
CID_1550607,Phytochemical,interacts_with,,4712,Target
CID_1550607,Phytochemical,interacts_with,,4713,Target
CID_1550607,Phytochemical,interacts_with,,4714,Target
CID_1550607,Phytochemical,interacts_with,,4715,Target
CID_1550607,Phytochemical,interacts_with,,4716,Target
CID_1550607,Phytochemical,interacts_with,,4717,Target
CID_1550607,Phytochemical,interacts_with,,4718,Target
CID_1550607,Phytochemical,interacts_with,,4719,Target
CID_1550607,Phytochemical,interacts_with,,472,Target
CID_1550607,Phytochemical,interacts_with,,4720,Target
CID_1550607,Phytochemical,interacts_with,,4722,Target
CID_1550607,Phytochemical,interacts_with,,4723,Target
CID_1550607,Phytochemical,interacts_with,,4724,Target
CID_1550607,Phytochemical,interacts_with,,4725,Target
CID_1550607,Phytochemical,interacts_with,,4726,Target
CID_1550607,Phytochemical,interacts_with,,4728,Target
CID_1550607,Phytochemical,interacts_with,,4729,Target
CID_1550607,Phytochemical,interacts_with,,4731,Target
CID_1550607,Phytochemical,interacts_with,,51053,Target
CID_1550607,Phytochemical,interacts_with,,51079,Target
CID_1550607,Phytochemical,interacts_with,,51103,Target
CID_1550607,Phytochemical,interacts_with,,5429,Target
CID_1550607,Phytochemical,interacts_with,,54539,Target
CID_1550607,Phytochemical,interacts_with,,5468,Target
CID_1550607,Phytochemical,interacts_with,,55775,Target
CID_1550607,Phytochemical,interacts_with,,5594,Target
CID_1550607,Phytochemical,interacts_with,,55967,Target
CID_1550607,Phytochemical,interacts_with,,56901,Target
CID_1550607,Phytochemical,interacts_with,,5745,Target
CID_1550607,Phytochemical,interacts_with,,6609,Target
CID_1550607,Phytochemical,interacts_with,,7398,Target
CID_1550607,Phytochemical,interacts_with,,865,Target
CID_1550607,Phytochemical,interacts_with,,8989,Target
CID_1550607,Phytochemical,interacts_with,,91942,Target
CID_1550607,Phytochemical,interacts_with,,9682,Target
CID_1550607,Phytochemical,interacts_with,,9971,Target
Aegle marmelos,SHD,contains_chemical,part:Bark,CID_334704,Phytochemical
CID_334704,Phytochemical,interacts_with,,10599,Target
CID_334704,Phytochemical,interacts_with,,1588,Target
CID_334704,Phytochemical,interacts_with,,23621,Target
CID_334704,Phytochemical,interacts_with,,28234,Target
CID_334704,Phytochemical,interacts_with,,43,Target
Aegle marmelos,SHD,contains_chemical,part:Bark,CID_6450230,Phytochemical
CID_6450230,Phytochemical,interacts_with,,126328,Target
CID_6450230,Phytochemical,interacts_with,,25915,Target
CID_6450230,Phytochemical,interacts_with,,29078,Target
CID_6450230,Phytochemical,interacts_with,,374291,Target
CID_6450230,Phytochemical,interacts_with,,4535,Target
CID_6450230,Phytochemical,interacts_with,,4536,Target
CID_6450230,Phytochemical,interacts_with,,4537,Target
CID_6450230,Phytochemical,interacts_with,,4538,Target
CID_6450230,Phytochemical,interacts_with,,4539,Target
CID_6450230,Phytochemical,interacts_with,,4540,Target
CID_6450230,Phytochemical,interacts_with,,4541,Target
CID_6450230,Phytochemical,interacts_with,,4694,Target
CID_6450230,Phytochemical,interacts_with,,4695,Target
CID_6450230,Phytochemical,interacts_with,,4696,Target
CID_6450230,Phytochemical,interacts_with,,4697,Target
CID_6450230,Phytochemical,interacts_with,,4698,Target
CID_6450230,Phytochemical,interacts_with,,4700,Target
CID_6450230,Phytochemical,interacts_with,,4701,Target
CID_6450230,Phytochemical,interacts_with,,4702,Target
CID_6450230,Phytochemical,interacts_with,,4704,Target
CID_6450230,Phytochemical,interacts_with,,4705,Target
CID_6450230,Phytochemical,interacts_with,,4706,Target
CID_6450230,Phytochemical,interacts_with,,4707,Target
CID_6450230,Phytochemical,interacts_with,,4708,Target
CID_6450230,Phytochemical,interacts_with,,4709,Target
CID_6450230,Phytochemical,interacts_with,,4710,Target
CID_6450230,Phytochemical,interacts_with,,4711,Target
CID_6450230,Phytochemical,interacts_with,,4712,Target
CID_6450230,Phytochemical,interacts_with,,4713,Target
CID_6450230,Phytochemical,interacts_with,,4714,Target
CID_6450230,Phytochemical,interacts_with,,4715,Target
CID_6450230,Phytochemical,interacts_with,,4716,Target
CID_6450230,Phytochemical,interacts_with,,4717,Target
CID_6450230,Phytochemical,interacts_with,,4718,Target
CID_6450230,Phytochemical,interacts_with,,4719,Target
CID_6450230,Phytochemical,interacts_with,,4720,Target
CID_6450230,Phytochemical,interacts_with,,4722,Target
CID_6450230,Phytochemical,interacts_with,,4723,Target
CID_6450230,Phytochemical,interacts_with,,4724,Target
CID_6450230,Phytochemical,interacts_with,,4725,Target
CID_6450230,Phytochemical,interacts_with,,4726,Target
CID_6450230,Phytochemical,interacts_with,,4728,Target
CID_6450230,Phytochemical,interacts_with,,4729,Target
CID_6450230,Phytochemical,interacts_with,,4731,Target
CID_6450230,Phytochemical,interacts_with,,51079,Target
CID_6450230,Phytochemical,interacts_with,,51103,Target
CID_6450230,Phytochemical,interacts_with,,54539,Target
CID_6450230,Phytochemical,interacts_with,,55775,Target
CID_6450230,Phytochemical,interacts_with,,55967,Target
CID_6450230,Phytochemical,interacts_with,,56901,Target
CID_6450230,Phytochemical,interacts_with,,6609,Target
CID_6450230,Phytochemical,interacts_with,,7157,Target
CID_6450230,Phytochemical,interacts_with,,79915,Target
CID_6450230,Phytochemical,interacts_with,,91942,Target
Aegle marmelos,SHD,contains_chemical,part:Bark,CID_6760,Phytochemical
CID_6760,Phytochemical,interacts_with,,10411,Target
CID_6760,Phytochemical,interacts_with,,1544,Target
CID_6760,Phytochemical,interacts_with,,1557,Target
CID_6760,Phytochemical,interacts_with,,1565,Target
CID_6760,Phytochemical,interacts_with,,1576,Target
CID_6760,Phytochemical,interacts_with,,216,Target
CID_6760,Phytochemical,interacts_with,,2648,Target
CID_6760,Phytochemical,interacts_with,,3028,Target
CID_6760,Phytochemical,interacts_with,,3248,Target
CID_6760,Phytochemical,interacts_with,,390245,Target
CID_6760,Phytochemical,interacts_with,,4000,Target
CID_6760,Phytochemical,interacts_with,,4154,Target
CID_6760,Phytochemical,interacts_with,,4297,Target
CID_6760,Phytochemical,interacts_with,,43,Target
CID_6760,Phytochemical,interacts_with,,51053,Target
CID_6760,Phytochemical,interacts_with,,55775,Target
CID_6760,Phytochemical,interacts_with,,7157,Target
CID_6760,Phytochemical,interacts_with,,7253,Target
CID_6760,Phytochemical,interacts_with,,79915,Target
Aegle marmelos,SHD,contains_chemical,part:Bark,CID_5281426,Phytochemical
CID_5281426,Phytochemical,interacts_with,,10073,Target
CID_5281426,Phytochemical,interacts_with,,10257,Target
CID_5281426,Phytochemical,interacts_with,,10599,Target
CID_5281426,Phytochemical,interacts_with,,10941,Target
CID_5281426,Phytochemical,interacts_with,,10951,Target
CID_5281426,Phytochemical,interacts_with,,1244,Target
CID_5281426,Phytochemical,interacts_with,,216,Target
CID_5281426,Phytochemical,interacts_with,,2237,Target
CID_5281426,Phytochemical,interacts_with,,231,Target
CID_5281426,Phytochemical,interacts_with,,23621,Target
CID_5281426,Phytochemical,interacts_with,,2548,Target
CID_5281426,Phytochemical,interacts_with,,2597,Target
CID_5281426,Phytochemical,interacts_with,,2629,Target
CID_5281426,Phytochemical,interacts_with,,2648,Target
CID_5281426,Phytochemical,interacts_with,,2717,Target
CID_5281426,Phytochemical,interacts_with,,2744,Target
CID_5281426,Phytochemical,interacts_with,,28234,Target
CID_5281426,Phytochemical,interacts_with,,3028,Target
CID_5281426,Phytochemical,interacts_with,,3248,Target
CID_5281426,Phytochemical,interacts_with,,3292,Target
CID_5281426,Phytochemical,interacts_with,,351,Target
CID_5281426,Phytochemical,interacts_with,,3837,Target
CID_5281426,Phytochemical,interacts_with,,390245,Target
CID_5281426,Phytochemical,interacts_with,,412,Target
CID_5281426,Phytochemical,interacts_with,,4170,Target
CID_5281426,Phytochemical,interacts_with,,4297,Target
CID_5281426,Phytochemical,interacts_with,,43,Target
CID_5281426,Phytochemical,interacts_with,,4363,Target
CID_5281426,Phytochemical,interacts_with,,4780,Target
CID_5281426,Phytochemical,interacts_with,,51053,Target
CID_5281426,Phytochemical,interacts_with,,51752,Target
CID_5281426,Phytochemical,interacts_with,,54575,Target
CID_5281426,Phytochemical,interacts_with,,54576,Target
CID_5281426,Phytochemical,interacts_with,,54657,Target
CID_5281426,Phytochemical,interacts_with,,54658,Target
CID_5281426,Phytochemical,interacts_with,,54659,Target
CID_5281426,Phytochemical,interacts_with,,55775,Target
CID_5281426,Phytochemical,interacts_with,,5743,Target
CID_5281426,Phytochemical,interacts_with,,6311,Target
CID_5281426,Phytochemical,interacts_with,,6652,Target
CID_5281426,Phytochemical,interacts_with,,6715,Target
CID_5281426,Phytochemical,interacts_with,,7299,Target
CID_5281426,Phytochemical,interacts_with,,7366,Target
CID_5281426,Phytochemical,interacts_with,,7498,Target
CID_5281426,Phytochemical,interacts_with,,759,Target
CID_5281426,Phytochemical,interacts_with,,760,Target
CID_5281426,Phytochemical,interacts_with,,768,Target
CID_5281426,Phytochemical,interacts_with,,771,Target
CID_5281426,Phytochemical,interacts_with,,834,Target
CID_5281426,Phytochemical,interacts_with,,840,Target
CID_5281426,Phytochemical,interacts_with,,8714,Target
CID_5281426,Phytochemical,interacts_with,,9429,Target
Aegle marmelos,SHD,contains_chemical,part:Bark,CID_10212,Phytochemical
CID_10212,Phytochemical,interacts_with,,10599,Target
CID_10212,Phytochemical,interacts_with,,10919,Target
CID_10212,Phytochemical,interacts_with,,10951,Target
CID_10212,Phytochemical,interacts_with,,1543,Target
CID_10212,Phytochemical,interacts_with,,1545,Target
CID_10212,Phytochemical,interacts_with,,1576,Target
CID_10212,Phytochemical,interacts_with,,1845,Target
CID_10212,Phytochemical,interacts_with,,2139,Target
CID_10212,Phytochemical,interacts_with,,216,Target
CID_10212,Phytochemical,interacts_with,,23435,Target
CID_10212,Phytochemical,interacts_with,,23621,Target
CID_10212,Phytochemical,interacts_with,,2548,Target
CID_10212,Phytochemical,interacts_with,,2554,Target
CID_10212,Phytochemical,interacts_with,,2561,Target
CID_10212,Phytochemical,interacts_with,,2566,Target
CID_10212,Phytochemical,interacts_with,,2740,Target
CID_10212,Phytochemical,interacts_with,,28234,Target
CID_10212,Phytochemical,interacts_with,,328,Target
CID_10212,Phytochemical,interacts_with,,3363,Target
CID_10212,Phytochemical,interacts_with,,3417,Target
CID_10212,Phytochemical,interacts_with,,5243,Target
CID_10212,Phytochemical,interacts_with,,5329,Target
CID_10212,Phytochemical,interacts_with,,5347,Target
CID_10212,Phytochemical,interacts_with,,5778,Target
CID_10212,Phytochemical,interacts_with,,5999,Target
CID_10212,Phytochemical,interacts_with,,7398,Target
CID_10212,Phytochemical,interacts_with,,7421,Target
CID_10212,Phytochemical,interacts_with,,9682,Target
Aegle marmelos,SHD,contains_chemical,part:Bark,CID_107936,Phytochemical
CID_107936,Phytochemical,interacts_with,,10919,Target
CID_107936,Phytochemical,interacts_with,,216,Target
CID_107936,Phytochemical,interacts_with,,2778,Target
CID_107936,Phytochemical,interacts_with,,3248,Target
CID_107936,Phytochemical,interacts_with,,390245,Target
CID_107936,Phytochemical,interacts_with,,4154,Target
CID_107936,Phytochemical,interacts_with,,43,Target
CID_107936,Phytochemical,interacts_with,,672,Target
CID_107936,Phytochemical,interacts_with,,79915,Target
Aegle marmelos,SHD,contains_chemical,part:Bark,CID_600671,Phytochemical
Butea monosperma,SHD,contains_chemical,part:Seed,CID_222284,Phytochemical
Butea monosperma,SHD,contains_chemical,part:Seed,CID_11005,Phytochemical
CID_11005,Phytochemical,interacts_with,,10411,Target
CID_11005,Phytochemical,interacts_with,,10951,Target
CID_11005,Phytochemical,interacts_with,,1588,Target
CID_11005,Phytochemical,interacts_with,,1759,Target
CID_11005,Phytochemical,interacts_with,,2237,Target
CID_11005,Phytochemical,interacts_with,,23435,Target
CID_11005,Phytochemical,interacts_with,,247,Target
CID_11005,Phytochemical,interacts_with,,2648,Target
CID_11005,Phytochemical,interacts_with,,2740,Target
CID_11005,Phytochemical,interacts_with,,3315,Target
CID_11005,Phytochemical,interacts_with,,367,Target
CID_11005,Phytochemical,interacts_with,,51053,Target
CID_11005,Phytochemical,interacts_with,,51548,Target
CID_11005,Phytochemical,interacts_with,,5347,Target
CID_11005,Phytochemical,interacts_with,,53831,Target
CID_11005,Phytochemical,interacts_with,,54575,Target
CID_11005,Phytochemical,interacts_with,,54576,Target
CID_11005,Phytochemical,interacts_with,,5465,Target
CID_11005,Phytochemical,interacts_with,,5467,Target
CID_11005,Phytochemical,interacts_with,,5468,Target
CID_11005,Phytochemical,interacts_with,,55775,Target
CID_11005,Phytochemical,interacts_with,,6609,Target
CID_11005,Phytochemical,interacts_with,,7097,Target
CID_11005,Phytochemical,interacts_with,,7398,Target
CID_11005,Phytochemical,interacts_with,,7421,Target
CID_11005,Phytochemical,interacts_with,,8989,Target
CID_11005,Phytochemical,interacts_with,,9971,Target
Butea monosperma,SHD,contains_chemical,part:Seed,CID_985,Phytochemical
CID_985,Phytochemical,interacts_with,,1588,Target
CID_985,Phytochemical,interacts_with,,2099,Target
CID_985,Phytochemical,interacts_with,,2167,Target
CID_985,Phytochemical,interacts_with,,2169,Target
CID_985,Phytochemical,interacts_with,,2170,Target
CID_985,Phytochemical,interacts_with,,2171,Target
CID_985,Phytochemical,interacts_with,,2908,Target
CID_985,Phytochemical,interacts_with,,367,Target
CID_985,Phytochemical,interacts_with,,4780,Target
CID_985,Phytochemical,interacts_with,,51053,Target
CID_985,Phytochemical,interacts_with,,5243,Target
CID_985,Phytochemical,interacts_with,,5465,Target
CID_985,Phytochemical,interacts_with,,5467,Target
CID_985,Phytochemical,interacts_with,,5468,Target
CID_985,Phytochemical,interacts_with,,5770,Target
CID_985,Phytochemical,interacts_with,,7004,Target
CID_985,Phytochemical,interacts_with,,7097,Target
CID_985,Phytochemical,interacts_with,,7398,Target
CID_985,Phytochemical,interacts_with,,81285,Target
CID_985,Phytochemical,interacts_with,,9971,Target
Butea monosperma,SHD,contains_chemical,part:Seed,CID_5281,Phytochemical
CID_5281,Phytochemical,interacts_with,,11255,Target
CID_5281,Phytochemical,interacts_with,,1128,Target
CID_5281,Phytochemical,interacts_with,,1129,Target
CID_5281,Phytochemical,interacts_with,,140,Target
CID_5281,Phytochemical,interacts_with,,148,Target
CID_5281,Phytochemical,interacts_with,,150,Target
CID_5281,Phytochemical,interacts_with,,1588,Target
CID_5281,Phytochemical,interacts_with,,1812,Target
CID_5281,Phytochemical,interacts_with,,1814,Target
CID_5281,Phytochemical,interacts_with,,2099,Target
CID_5281,Phytochemical,interacts_with,,2147,Target
CID_5281,Phytochemical,interacts_with,,2167,Target
CID_5281,Phytochemical,interacts_with,,246,Target
CID_5281,Phytochemical,interacts_with,,2554,Target
CID_5281,Phytochemical,interacts_with,,2555,Target
CID_5281,Phytochemical,interacts_with,,2561,Target
CID_5281,Phytochemical,interacts_with,,2566,Target
CID_5281,Phytochemical,interacts_with,,2908,Target
CID_5281,Phytochemical,interacts_with,,3028,Target
CID_5281,Phytochemical,interacts_with,,328,Target
CID_5281,Phytochemical,interacts_with,,3350,Target
CID_5281,Phytochemical,interacts_with,,3357,Target
CID_5281,Phytochemical,interacts_with,,367,Target
CID_5281,Phytochemical,interacts_with,,3757,Target
CID_5281,Phytochemical,interacts_with,,3791,Target
CID_5281,Phytochemical,interacts_with,,4128,Target
CID_5281,Phytochemical,interacts_with,,4297,Target
CID_5281,Phytochemical,interacts_with,,43,Target
CID_5281,Phytochemical,interacts_with,,4790,Target
CID_5281,Phytochemical,interacts_with,,4988,Target
CID_5281,Phytochemical,interacts_with,,5139,Target
CID_5281,Phytochemical,interacts_with,,5141,Target
CID_5281,Phytochemical,interacts_with,,5241,Target
CID_5281,Phytochemical,interacts_with,,5465,Target
CID_5281,Phytochemical,interacts_with,,5467,Target
CID_5281,Phytochemical,interacts_with,,5468,Target
CID_5281,Phytochemical,interacts_with,,55775,Target
CID_5281,Phytochemical,interacts_with,,5742,Target
CID_5281,Phytochemical,interacts_with,,5770,Target
CID_5281,Phytochemical,interacts_with,,6530,Target
CID_5281,Phytochemical,interacts_with,,6531,Target
CID_5281,Phytochemical,interacts_with,,6532,Target
CID_5281,Phytochemical,interacts_with,,6915,Target
CID_5281,Phytochemical,interacts_with,,7068,Target
CID_5281,Phytochemical,interacts_with,,7253,Target
CID_5281,Phytochemical,interacts_with,,7421,Target
Butea monosperma,SHD,contains_chemical,part:Seed,CID_445639,Phytochemical
CID_445639,Phytochemical,interacts_with,,10018,Target
CID_445639,Phytochemical,interacts_with,,100861540,Target
CID_445639,Phytochemical,interacts_with,,10411,Target
CID_445639,Phytochemical,interacts_with,,10951,Target
CID_445639,Phytochemical,interacts_with,,11069,Target
CID_445639,Phytochemical,interacts_with,,11255,Target
CID_445639,Phytochemical,interacts_with,,1128,Target
CID_445639,Phytochemical,interacts_with,,11283,Target
CID_445639,Phytochemical,interacts_with,,1129,Target
CID_445639,Phytochemical,interacts_with,,113612,Target
CID_445639,Phytochemical,interacts_with,,120227,Target
CID_445639,Phytochemical,interacts_with,,122706,Target
CID_445639,Phytochemical,interacts_with,,140,Target
CID_445639,Phytochemical,interacts_with,,143471,Target
CID_445639,Phytochemical,interacts_with,,148,Target
CID_445639,Phytochemical,interacts_with,,150,Target
CID_445639,Phytochemical,interacts_with,,1543,Target
CID_445639,Phytochemical,interacts_with,,1544,Target
CID_445639,Phytochemical,interacts_with,,1545,Target
CID_445639,Phytochemical,interacts_with,,1548,Target
CID_445639,Phytochemical,interacts_with,,1549,Target
CID_445639,Phytochemical,interacts_with,,1553,Target
CID_445639,Phytochemical,interacts_with,,1555,Target
CID_445639,Phytochemical,interacts_with,,1557,Target
CID_445639,Phytochemical,interacts_with,,1558,Target
CID_445639,Phytochemical,interacts_with,,1559,Target
CID_445639,Phytochemical,interacts_with,,1562,Target
CID_445639,Phytochemical,interacts_with,,1565,Target
CID_445639,Phytochemical,interacts_with,,1571,Target
CID_445639,Phytochemical,interacts_with,,1572,Target
CID_445639,Phytochemical,interacts_with,,1573,Target
CID_445639,Phytochemical,interacts_with,,1576,Target
CID_445639,Phytochemical,interacts_with,,1577,Target
CID_445639,Phytochemical,interacts_with,,1579,Target
CID_445639,Phytochemical,interacts_with,,1580,Target
CID_445639,Phytochemical,interacts_with,,1588,Target
CID_445639,Phytochemical,interacts_with,,1812,Target
CID_445639,Phytochemical,interacts_with,,1814,Target
CID_445639,Phytochemical,interacts_with,,2052,Target
CID_445639,Phytochemical,interacts_with,,2053,Target
CID_445639,Phytochemical,interacts_with,,2099,Target
CID_445639,Phytochemical,interacts_with,,2147,Target
CID_445639,Phytochemical,interacts_with,,2152,Target
CID_445639,Phytochemical,interacts_with,,2155,Target
CID_445639,Phytochemical,interacts_with,,2166,Target
CID_445639,Phytochemical,interacts_with,,2167,Target
CID_445639,Phytochemical,interacts_with,,2168,Target
CID_445639,Phytochemical,interacts_with,,2171,Target
CID_445639,Phytochemical,interacts_with,,2554,Target
CID_445639,Phytochemical,interacts_with,,2555,Target
CID_445639,Phytochemical,interacts_with,,2561,Target
CID_445639,Phytochemical,interacts_with,,2566,Target
CID_445639,Phytochemical,interacts_with,,2648,Target
CID_445639,Phytochemical,interacts_with,,284541,Target
CID_445639,Phytochemical,interacts_with,,29785,Target
CID_445639,Phytochemical,interacts_with,,3028,Target
CID_445639,Phytochemical,interacts_with,,328,Target
CID_445639,Phytochemical,interacts_with,,3315,Target
CID_445639,Phytochemical,interacts_with,,3350,Target
CID_445639,Phytochemical,interacts_with,,3357,Target
CID_445639,Phytochemical,interacts_with,,367,Target
CID_445639,Phytochemical,interacts_with,,3757,Target
CID_445639,Phytochemical,interacts_with,,3791,Target
CID_445639,Phytochemical,interacts_with,,4051,Target
CID_445639,Phytochemical,interacts_with,,4128,Target
CID_445639,Phytochemical,interacts_with,,4137,Target
CID_445639,Phytochemical,interacts_with,,4297,Target
CID_445639,Phytochemical,interacts_with,,43,Target
CID_445639,Phytochemical,interacts_with,,472,Target
CID_445639,Phytochemical,interacts_with,,4929,Target
CID_445639,Phytochemical,interacts_with,,4988,Target
CID_445639,Phytochemical,interacts_with,,51053,Target
CID_445639,Phytochemical,interacts_with,,5139,Target
CID_445639,Phytochemical,interacts_with,,5141,Target
CID_445639,Phytochemical,interacts_with,,51426,Target
CID_445639,Phytochemical,interacts_with,,51548,Target
CID_445639,Phytochemical,interacts_with,,5241,Target
CID_445639,Phytochemical,interacts_with,,5347,Target
CID_445639,Phytochemical,interacts_with,,5465,Target
CID_445639,Phytochemical,interacts_with,,5467,Target
CID_445639,Phytochemical,interacts_with,,5468,Target
CID_445639,Phytochemical,interacts_with,,54905,Target
CID_445639,Phytochemical,interacts_with,,5578,Target
CID_445639,Phytochemical,interacts_with,,5682,Target
CID_445639,Phytochemical,interacts_with,,5683,Target
CID_445639,Phytochemical,interacts_with,,5684,Target
CID_445639,Phytochemical,interacts_with,,5685,Target
CID_445639,Phytochemical,interacts_with,,5686,Target
CID_445639,Phytochemical,interacts_with,,5687,Target
CID_445639,Phytochemical,interacts_with,,5688,Target
CID_445639,Phytochemical,interacts_with,,5689,Target
CID_445639,Phytochemical,interacts_with,,5690,Target
CID_445639,Phytochemical,interacts_with,,5691,Target
CID_445639,Phytochemical,interacts_with,,5692,Target
CID_445639,Phytochemical,interacts_with,,5693,Target
CID_445639,Phytochemical,interacts_with,,5694,Target
CID_445639,Phytochemical,interacts_with,,5695,Target
CID_445639,Phytochemical,interacts_with,,5696,Target
CID_445639,Phytochemical,interacts_with,,5698,Target
CID_445639,Phytochemical,interacts_with,,5699,Target
CID_445639,Phytochemical,interacts_with,,5742,Target
CID_445639,Phytochemical,interacts_with,,5745,Target
CID_445639,Phytochemical,interacts_with,,5770,Target
CID_445639,Phytochemical,interacts_with,,6097,Target
CID_445639,Phytochemical,interacts_with,,641,Target
CID_445639,Phytochemical,interacts_with,,64816,Target
CID_445639,Phytochemical,interacts_with,,6530,Target
CID_445639,Phytochemical,interacts_with,,6531,Target
CID_445639,Phytochemical,interacts_with,,6532,Target
CID_445639,Phytochemical,interacts_with,,6646,Target
CID_445639,Phytochemical,interacts_with,,6915,Target
CID_445639,Phytochemical,interacts_with,,7015,Target
CID_445639,Phytochemical,interacts_with,,7150,Target
CID_445639,Phytochemical,interacts_with,,7398,Target
CID_445639,Phytochemical,interacts_with,,79915,Target
CID_445639,Phytochemical,interacts_with,,8529,Target
CID_445639,Phytochemical,interacts_with,,9682,Target
CID_445639,Phytochemical,interacts_with,,9971,Target
Butea monosperma,SHD,contains_chemical,part:Seed,CID_5280934,Phytochemical
CID_5280934,Phytochemical,interacts_with,,10073,Target
CID_5280934,Phytochemical,interacts_with,,10919,Target
CID_5280934,Phytochemical,interacts_with,,11201,Target
CID_5280934,Phytochemical,interacts_with,,11255,Target
CID_5280934,Phytochemical,interacts_with,,1128,Target
CID_5280934,Phytochemical,interacts_with,,1129,Target
CID_5280934,Phytochemical,interacts_with,,1131,Target
CID_5280934,Phytochemical,interacts_with,,1137,Target
CID_5280934,Phytochemical,interacts_with,,1268,Target
CID_5280934,Phytochemical,interacts_with,,134,Target
CID_5280934,Phytochemical,interacts_with,,135,Target
CID_5280934,Phytochemical,interacts_with,,140,Target
CID_5280934,Phytochemical,interacts_with,,148,Target
CID_5280934,Phytochemical,interacts_with,,150,Target
CID_5280934,Phytochemical,interacts_with,,151,Target
CID_5280934,Phytochemical,interacts_with,,152,Target
CID_5280934,Phytochemical,interacts_with,,153,Target
CID_5280934,Phytochemical,interacts_with,,154,Target
CID_5280934,Phytochemical,interacts_with,,1576,Target
CID_5280934,Phytochemical,interacts_with,,1588,Target
CID_5280934,Phytochemical,interacts_with,,1812,Target
CID_5280934,Phytochemical,interacts_with,,1813,Target
CID_5280934,Phytochemical,interacts_with,,1814,Target
CID_5280934,Phytochemical,interacts_with,,185,Target
CID_5280934,Phytochemical,interacts_with,,1909,Target
CID_5280934,Phytochemical,interacts_with,,200316,Target
CID_5280934,Phytochemical,interacts_with,,2030,Target
CID_5280934,Phytochemical,interacts_with,,2152,Target
CID_5280934,Phytochemical,interacts_with,,2155,Target
CID_5280934,Phytochemical,interacts_with,,216,Target
CID_5280934,Phytochemical,interacts_with,,23192,Target
CID_5280934,Phytochemical,interacts_with,,246,Target
CID_5280934,Phytochemical,interacts_with,,247,Target
CID_5280934,Phytochemical,interacts_with,,2554,Target
CID_5280934,Phytochemical,interacts_with,,2555,Target
CID_5280934,Phytochemical,interacts_with,,2561,Target
CID_5280934,Phytochemical,interacts_with,,2566,Target
CID_5280934,Phytochemical,interacts_with,,26013,Target
CID_5280934,Phytochemical,interacts_with,,2648,Target
CID_5280934,Phytochemical,interacts_with,,2693,Target
CID_5280934,Phytochemical,interacts_with,,2744,Target
CID_5280934,Phytochemical,interacts_with,,2862,Target
CID_5280934,Phytochemical,interacts_with,,2864,Target
CID_5280934,Phytochemical,interacts_with,,2908,Target
CID_5280934,Phytochemical,interacts_with,,3028,Target
CID_5280934,Phytochemical,interacts_with,,3248,Target
CID_5280934,Phytochemical,interacts_with,,3269,Target
CID_5280934,Phytochemical,interacts_with,,3274,Target
CID_5280934,Phytochemical,interacts_with,,328,Target
CID_5280934,Phytochemical,interacts_with,,3315,Target
CID_5280934,Phytochemical,interacts_with,,3350,Target
CID_5280934,Phytochemical,interacts_with,,3356,Target
CID_5280934,Phytochemical,interacts_with,,3357,Target
CID_5280934,Phytochemical,interacts_with,,3358,Target
CID_5280934,Phytochemical,interacts_with,,3359,Target
CID_5280934,Phytochemical,interacts_with,,338557,Target
CID_5280934,Phytochemical,interacts_with,,367,Target
CID_5280934,Phytochemical,interacts_with,,3725,Target
CID_5280934,Phytochemical,interacts_with,,3757,Target
CID_5280934,Phytochemical,interacts_with,,3837,Target
CID_5280934,Phytochemical,interacts_with,,390245,Target
CID_5280934,Phytochemical,interacts_with,,4000,Target
CID_5280934,Phytochemical,interacts_with,,4128,Target
CID_5280934,Phytochemical,interacts_with,,4137,Target
CID_5280934,Phytochemical,interacts_with,,4159,Target
CID_5280934,Phytochemical,interacts_with,,4297,Target
CID_5280934,Phytochemical,interacts_with,,4780,Target
CID_5280934,Phytochemical,interacts_with,,4790,Target
CID_5280934,Phytochemical,interacts_with,,4886,Target
CID_5280934,Phytochemical,interacts_with,,4985,Target
CID_5280934,Phytochemical,interacts_with,,4986,Target
CID_5280934,Phytochemical,interacts_with,,4988,Target
CID_5280934,Phytochemical,interacts_with,,51053,Target
CID_5280934,Phytochemical,interacts_with,,5139,Target
CID_5280934,Phytochemical,interacts_with,,51426,Target
CID_5280934,Phytochemical,interacts_with,,5144,Target
CID_5280934,Phytochemical,interacts_with,,5241,Target
CID_5280934,Phytochemical,interacts_with,,5300,Target
CID_5280934,Phytochemical,interacts_with,,5319,Target
CID_5280934,Phytochemical,interacts_with,,5347,Target
CID_5280934,Phytochemical,interacts_with,,5429,Target
CID_5280934,Phytochemical,interacts_with,,5465,Target
CID_5280934,Phytochemical,interacts_with,,5467,Target
CID_5280934,Phytochemical,interacts_with,,5468,Target
CID_5280934,Phytochemical,interacts_with,,552,Target
CID_5280934,Phytochemical,interacts_with,,554,Target
CID_5280934,Phytochemical,interacts_with,,55775,Target
CID_5280934,Phytochemical,interacts_with,,5742,Target
CID_5280934,Phytochemical,interacts_with,,5743,Target
CID_5280934,Phytochemical,interacts_with,,5965,Target
CID_5280934,Phytochemical,interacts_with,,5999,Target
CID_5280934,Phytochemical,interacts_with,,60489,Target
CID_5280934,Phytochemical,interacts_with,,624,Target
CID_5280934,Phytochemical,interacts_with,,6256,Target
CID_5280934,Phytochemical,interacts_with,,641,Target
CID_5280934,Phytochemical,interacts_with,,6530,Target
CID_5280934,Phytochemical,interacts_with,,6531,Target
CID_5280934,Phytochemical,interacts_with,,6532,Target
CID_5280934,Phytochemical,interacts_with,,6915,Target
CID_5280934,Phytochemical,interacts_with,,7015,Target
CID_5280934,Phytochemical,interacts_with,,7398,Target
CID_5280934,Phytochemical,interacts_with,,7421,Target
CID_5280934,Phytochemical,interacts_with,,7486,Target
CID_5280934,Phytochemical,interacts_with,,865,Target
CID_5280934,Phytochemical,interacts_with,,8856,Target
CID_5280934,Phytochemical,interacts_with,,886,Target
CID_5280934,Phytochemical,interacts_with,,887,Target
CID_5280934,Phytochemical,interacts_with,,9971,Target
Butea monosperma,SHD,contains_chemical,part:Seed,CID_5280450,Phytochemical
CID_5280450,Phytochemical,interacts_with,,1576,Target
CID_5280450,Phytochemical,interacts_with,,1588,Target
CID_5280450,Phytochemical,interacts_with,,1845,Target
CID_5280450,Phytochemical,interacts_with,,2099,Target
CID_5280450,Phytochemical,interacts_with,,2152,Target
CID_5280450,Phytochemical,interacts_with,,2155,Target
CID_5280450,Phytochemical,interacts_with,,216,Target
CID_5280450,Phytochemical,interacts_with,,2167,Target
CID_5280450,Phytochemical,interacts_with,,2170,Target
CID_5280450,Phytochemical,interacts_with,,246,Target
CID_5280450,Phytochemical,interacts_with,,2648,Target
CID_5280450,Phytochemical,interacts_with,,2769,Target
CID_5280450,Phytochemical,interacts_with,,2864,Target
CID_5280450,Phytochemical,interacts_with,,3028,Target
CID_5280450,Phytochemical,interacts_with,,3248,Target
CID_5280450,Phytochemical,interacts_with,,3315,Target
CID_5280450,Phytochemical,interacts_with,,338557,Target
CID_5280450,Phytochemical,interacts_with,,367,Target
CID_5280450,Phytochemical,interacts_with,,3725,Target
CID_5280450,Phytochemical,interacts_with,,4000,Target
CID_5280450,Phytochemical,interacts_with,,4780,Target
CID_5280450,Phytochemical,interacts_with,,4790,Target
CID_5280450,Phytochemical,interacts_with,,4929,Target
CID_5280450,Phytochemical,interacts_with,,51053,Target
CID_5280450,Phytochemical,interacts_with,,51426,Target
CID_5280450,Phytochemical,interacts_with,,51548,Target
CID_5280450,Phytochemical,interacts_with,,5465,Target
CID_5280450,Phytochemical,interacts_with,,5467,Target
CID_5280450,Phytochemical,interacts_with,,5468,Target
CID_5280450,Phytochemical,interacts_with,,55775,Target
CID_5280450,Phytochemical,interacts_with,,5742,Target
CID_5280450,Phytochemical,interacts_with,,5778,Target
CID_5280450,Phytochemical,interacts_with,,6256,Target
CID_5280450,Phytochemical,interacts_with,,6646,Target
CID_5280450,Phytochemical,interacts_with,,7015,Target
CID_5280450,Phytochemical,interacts_with,,7253,Target
CID_5280450,Phytochemical,interacts_with,,7398,Target
CID_5280450,Phytochemical,interacts_with,,8644,Target
CID_5280450,Phytochemical,interacts_with,,9971,Target
Butea monosperma,SHD,contains_chemical,part:Seed,CID_12309055,Phytochemical
Butea monosperma,SHD,contains_chemical,part:Seed,CID_5742590,Phytochemical
CID_5742590,Phytochemical,interacts_with,,10013,Target
CID_5742590,Phytochemical,interacts_with,,2932,Target
CID_5742590,Phytochemical,interacts_with,,3417,Target
CID_5742590,Phytochemical,interacts_with,,51422,Target
CID_5742590,Phytochemical,interacts_with,,53632,Target
CID_5742590,Phytochemical,interacts_with,,5423,Target
CID_5742590,Phytochemical,interacts_with,,5562,Target
CID_5742590,Phytochemical,interacts_with,,5563,Target
CID_5742590,Phytochemical,interacts_with,,5564,Target
CID_5742590,Phytochemical,interacts_with,,5565,Target
CID_5742590,Phytochemical,interacts_with,,5571,Target
Butea monosperma,SHD,contains_chemical,part:Seed,CID_10467,Phytochemical
CID_10467,Phytochemical,interacts_with,,5465,Target
CID_10467,Phytochemical,interacts_with,,5467,Target
CID_10467,Phytochemical,interacts_with,,5468,Target
CID_10467,Phytochemical,interacts_with,,5770,Target
Butea monosperma,SHD,contains_chemical,part:Seed,CID_8215,Phytochemical
CID_8215,Phytochemical,interacts_with,,10013,Target
CID_8215,Phytochemical,interacts_with,,5465,Target
CID_8215,Phytochemical,interacts_with,,5467,Target
CID_8215,Phytochemical,interacts_with,,5468,Target
Butea monosperma,SHD,contains_chemical,part:Seed,CID_73170,Phytochemical
CID_73170,Phytochemical,interacts_with,,151306,Target
CID_73170,Phytochemical,interacts_with,,240,Target
CID_73170,Phytochemical,interacts_with,,247,Target
CID_73170,Phytochemical,interacts_with,,3417,Target
CID_73170,Phytochemical,interacts_with,,5743,Target
CID_73170,Phytochemical,interacts_with,,5770,Target
CID_73170,Phytochemical,interacts_with,,7150,Target
CID_73170,Phytochemical,interacts_with,,7153,Target
CID_73170,Phytochemical,interacts_with,,9971,Target
Butea monosperma,SHD,contains_chemical,part:Seed,CID_11197,Phytochemical
Butea monosperma,SHD,contains_chemical,part:Seed,CID_2969,Phytochemical
CID_2969,Phytochemical,interacts_with,,2908,Target
CID_2969,Phytochemical,interacts_with,,3315,Target
CID_2969,Phytochemical,interacts_with,,367,Target
CID_2969,Phytochemical,interacts_with,,4780,Target
CID_2969,Phytochemical,interacts_with,,51053,Target
CID_2969,Phytochemical,interacts_with,,53831,Target
CID_2969,Phytochemical,interacts_with,,54575,Target
CID_2969,Phytochemical,interacts_with,,54576,Target
CID_2969,Phytochemical,interacts_with,,5465,Target
CID_2969,Phytochemical,interacts_with,,54659,Target
CID_2969,Phytochemical,interacts_with,,5467,Target
CID_2969,Phytochemical,interacts_with,,5468,Target
CID_2969,Phytochemical,interacts_with,,55775,Target
CID_2969,Phytochemical,interacts_with,,6097,Target
CID_2969,Phytochemical,interacts_with,,7253,Target
Butea monosperma,SHD,contains_chemical,part:Seed,CID_379,Phytochemical
CID_379,Phytochemical,interacts_with,,216,Target
CID_379,Phytochemical,interacts_with,,2908,Target
CID_379,Phytochemical,interacts_with,,4000,Target
CID_379,Phytochemical,interacts_with,,51053,Target
CID_379,Phytochemical,interacts_with,,53831,Target
CID_379,Phytochemical,interacts_with,,54575,Target
CID_379,Phytochemical,interacts_with,,54576,Target
CID_379,Phytochemical,interacts_with,,55867,Target
CID_379,Phytochemical,interacts_with,,7253,Target
CID_379,Phytochemical,interacts_with,,9356,Target
CID_379,Phytochemical,interacts_with,,9376,Target
Butea monosperma,SHD,contains_chemical,part:Seed,CID_3893,Phytochemical
CID_3893,Phytochemical,interacts_with,,10013,Target
CID_3893,Phytochemical,interacts_with,,10951,Target
CID_3893,Phytochemical,interacts_with,,11069,Target
CID_3893,Phytochemical,interacts_with,,1571,Target
CID_3893,Phytochemical,interacts_with,,2099,Target
CID_3893,Phytochemical,interacts_with,,216,Target
CID_3893,Phytochemical,interacts_with,,2740,Target
CID_3893,Phytochemical,interacts_with,,2778,Target
CID_3893,Phytochemical,interacts_with,,2864,Target
CID_3893,Phytochemical,interacts_with,,338557,Target
CID_3893,Phytochemical,interacts_with,,3576,Target
CID_3893,Phytochemical,interacts_with,,367,Target
CID_3893,Phytochemical,interacts_with,,4790,Target
CID_3893,Phytochemical,interacts_with,,53831,Target
CID_3893,Phytochemical,interacts_with,,54575,Target
CID_3893,Phytochemical,interacts_with,,54576,Target
CID_3893,Phytochemical,interacts_with,,5465,Target
CID_3893,Phytochemical,interacts_with,,54659,Target
CID_3893,Phytochemical,interacts_with,,5467,Target
CID_3893,Phytochemical,interacts_with,,5468,Target
CID_3893,Phytochemical,interacts_with,,6097,Target
CID_3893,Phytochemical,interacts_with,,6256,Target
CID_3893,Phytochemical,interacts_with,,7068,Target
CID_3893,Phytochemical,interacts_with,,7253,Target
CID_3893,Phytochemical,interacts_with,,9971,Target
Butea monosperma,SHD,contains_chemical,part:Seed,CID_102515444,Phytochemical
Butea monosperma,SHD,contains_chemical,part:Seed,CID_16898,Phytochemical
Butea monosperma,SHD,contains_chemical,part:Seed,CID_10071442,Phytochemical
Butea monosperma,SHD,contains_chemical,part:Seed,CID_12309899,Phytochemical
Butea monosperma,SHD,contains_chemical,part:Seed,CID_12303942,Phytochemical
Butea monosperma,SHD,contains_chemical,part:Seed,CID_42607822,Phytochemical
Butea monosperma,SHD,contains_chemical,part:Seed,CID_42607524,Phytochemical
Butea monosperma,SHD,contains_chemical,part:Seed,CID_198727,Phytochemical
Butea monosperma,SHD,contains_chemical,part:Seed,CID_5312784,Phytochemical
Butea monosperma,SHD,contains_chemical,part:Seed,CID_10790,Phytochemical
Butea monosperma,SHD,contains_chemical,part:Seed,CID_49831545,Phytochemical
Butea monosperma,SHD,contains_chemical,part:Seed,CID_5311264,Phytochemical
Diospyros malabarica,SHD,contains_chemical,part:Fruit,CID_222284,Phytochemical
Diospyros malabarica,SHD,contains_chemical,part:Fruit,CID_71597391,Phytochemical
Diospyros malabarica,SHD,contains_chemical,part:Fruit,CID_12309055,Phytochemical
Diospyros malabarica,SHD,contains_chemical,part:Fruit,CID_5742590,Phytochemical
Diospyros malabarica,SHD,contains_chemical,part:Fruit,CID_73145,Phytochemical
CID_73145,Phytochemical,interacts_with,,10599,Target
CID_73145,Phytochemical,interacts_with,,240,Target
CID_73145,Phytochemical,interacts_with,,247,Target
CID_73145,Phytochemical,interacts_with,,28234,Target
CID_73145,Phytochemical,interacts_with,,5743,Target
CID_73145,Phytochemical,interacts_with,,5770,Target
Diospyros malabarica,SHD,contains_chemical,part:Fruit,CID_259846,Phytochemical
Diospyros malabarica,SHD,contains_chemical,part:Fruit,CID_370,Phytochemical
CID_370,Phytochemical,interacts_with,,10013,Target
CID_370,Phytochemical,interacts_with,,10599,Target
CID_370,Phytochemical,interacts_with,,10919,Target
CID_370,Phytochemical,interacts_with,,11238,Target
CID_370,Phytochemical,interacts_with,,118429,Target
CID_370,Phytochemical,interacts_with,,1588,Target
CID_370,Phytochemical,interacts_with,,1636,Target
CID_370,Phytochemical,interacts_with,,1803,Target
CID_370,Phytochemical,interacts_with,,2099,Target
CID_370,Phytochemical,interacts_with,,216,Target
CID_370,Phytochemical,interacts_with,,231,Target
CID_370,Phytochemical,interacts_with,,23632,Target
CID_370,Phytochemical,interacts_with,,2526,Target
CID_370,Phytochemical,interacts_with,,2529,Target
CID_370,Phytochemical,interacts_with,,2590,Target
CID_370,Phytochemical,interacts_with,,259285,Target
CID_370,Phytochemical,interacts_with,,2597,Target
CID_370,Phytochemical,interacts_with,,2648,Target
CID_370,Phytochemical,interacts_with,,2744,Target
CID_370,Phytochemical,interacts_with,,28234,Target
CID_370,Phytochemical,interacts_with,,2908,Target
CID_370,Phytochemical,interacts_with,,3028,Target
CID_370,Phytochemical,interacts_with,,3248,Target
CID_370,Phytochemical,interacts_with,,328,Target
CID_370,Phytochemical,interacts_with,,3315,Target
CID_370,Phytochemical,interacts_with,,3417,Target
CID_370,Phytochemical,interacts_with,,351,Target
CID_370,Phytochemical,interacts_with,,3576,Target
CID_370,Phytochemical,interacts_with,,367,Target
CID_370,Phytochemical,interacts_with,,3725,Target
CID_370,Phytochemical,interacts_with,,390245,Target
CID_370,Phytochemical,interacts_with,,4000,Target
CID_370,Phytochemical,interacts_with,,4137,Target
CID_370,Phytochemical,interacts_with,,4316,Target
CID_370,Phytochemical,interacts_with,,4780,Target
CID_370,Phytochemical,interacts_with,,5054,Target
CID_370,Phytochemical,interacts_with,,51426,Target
CID_370,Phytochemical,interacts_with,,54658,Target
CID_370,Phytochemical,interacts_with,,55775,Target
CID_370,Phytochemical,interacts_with,,5594,Target
CID_370,Phytochemical,interacts_with,,5693,Target
CID_370,Phytochemical,interacts_with,,5743,Target
CID_370,Phytochemical,interacts_with,,6401,Target
CID_370,Phytochemical,interacts_with,,6402,Target
CID_370,Phytochemical,interacts_with,,6403,Target
CID_370,Phytochemical,interacts_with,,6606,Target
CID_370,Phytochemical,interacts_with,,6622,Target
CID_370,Phytochemical,interacts_with,,6868,Target
CID_370,Phytochemical,interacts_with,,7157,Target
CID_370,Phytochemical,interacts_with,,7421,Target
CID_370,Phytochemical,interacts_with,,759,Target
CID_370,Phytochemical,interacts_with,,760,Target
CID_370,Phytochemical,interacts_with,,761,Target
CID_370,Phytochemical,interacts_with,,762,Target
CID_370,Phytochemical,interacts_with,,763,Target
CID_370,Phytochemical,interacts_with,,765,Target
CID_370,Phytochemical,interacts_with,,766,Target
CID_370,Phytochemical,interacts_with,,768,Target
CID_370,Phytochemical,interacts_with,,771,Target
Diospyros malabarica,SHD,contains_chemical,part:Fruit,CID_68171,Phytochemical
Diospyros malabarica,SHD,contains_chemical,part:Fruit,CID_64971,Phytochemical
Diospyros malabarica,SHD,contains_chemical,part:Fruit,CID_72326,Phytochemical
CID_72326,Phytochemical,interacts_with,,10013,Target
CID_72326,Phytochemical,interacts_with,,10599,Target
CID_72326,Phytochemical,interacts_with,,151306,Target
CID_72326,Phytochemical,interacts_with,,28234,Target
CID_72326,Phytochemical,interacts_with,,387,Target
CID_72326,Phytochemical,interacts_with,,4907,Target
CID_72326,Phytochemical,interacts_with,,5579,Target
CID_72326,Phytochemical,interacts_with,,5581,Target
CID_72326,Phytochemical,interacts_with,,5743,Target
CID_72326,Phytochemical,interacts_with,,5879,Target
CID_72326,Phytochemical,interacts_with,,5970,Target
CID_72326,Phytochemical,interacts_with,,6554,Target
CID_72326,Phytochemical,interacts_with,,7153,Target
CID_72326,Phytochemical,interacts_with,,9971,Target
CID_72326,Phytochemical,interacts_with,,998,Target
Diospyros malabarica,SHD,contains_chemical,part:Fruit,CID_12407,Phytochemical
Diospyros malabarica,SHD,contains_chemical,part:Fruit,CID_92785,Phytochemical
Diospyros malabarica,SHD,contains_chemical,part:Fruit,CID_22296838,Phytochemical
Diospyros malabarica,SHD,contains_chemical,part:Fruit,CID_7092583,Phytochemical
Diospyros malabarica,SHD,contains_chemical,part:Fruit,CID_14033983,Phytochemical
Berberis aristata,SHD,contains_chemical,part:Stem,CID_2353,Phytochemical
CID_2353,Phytochemical,interacts_with,,10013,Target
CID_2353,Phytochemical,interacts_with,,10599,Target
CID_2353,Phytochemical,interacts_with,,11309,Target
CID_2353,Phytochemical,interacts_with,,1544,Target
CID_2353,Phytochemical,interacts_with,,1545,Target
CID_2353,Phytochemical,interacts_with,,1565,Target
CID_2353,Phytochemical,interacts_with,,1576,Target
CID_2353,Phytochemical,interacts_with,,1646,Target
CID_2353,Phytochemical,interacts_with,,216,Target
CID_2353,Phytochemical,interacts_with,,23028,Target
CID_2353,Phytochemical,interacts_with,,28234,Target
CID_2353,Phytochemical,interacts_with,,3091,Target
CID_2353,Phytochemical,interacts_with,,3576,Target
CID_2353,Phytochemical,interacts_with,,3757,Target
CID_2353,Phytochemical,interacts_with,,4137,Target
CID_2353,Phytochemical,interacts_with,,4297,Target
CID_2353,Phytochemical,interacts_with,,43,Target
CID_2353,Phytochemical,interacts_with,,4513,Target
CID_2353,Phytochemical,interacts_with,,51422,Target
CID_2353,Phytochemical,interacts_with,,53632,Target
CID_2353,Phytochemical,interacts_with,,5465,Target
CID_2353,Phytochemical,interacts_with,,5467,Target
CID_2353,Phytochemical,interacts_with,,5550,Target
CID_2353,Phytochemical,interacts_with,,5562,Target
CID_2353,Phytochemical,interacts_with,,5563,Target
CID_2353,Phytochemical,interacts_with,,5564,Target
CID_2353,Phytochemical,interacts_with,,5565,Target
CID_2353,Phytochemical,interacts_with,,5571,Target
CID_2353,Phytochemical,interacts_with,,5770,Target
CID_2353,Phytochemical,interacts_with,,590,Target
CID_2353,Phytochemical,interacts_with,,6606,Target
CID_2353,Phytochemical,interacts_with,,7015,Target
CID_2353,Phytochemical,interacts_with,,7253,Target
CID_2353,Phytochemical,interacts_with,,8644,Target
CID_2353,Phytochemical,interacts_with,,865,Target
CID_2353,Phytochemical,interacts_with,,9536,Target
Berberis aristata,SHD,contains_chemical,part:Stem,CID_19009,Phytochemical
CID_19009,Phytochemical,interacts_with,,10013,Target
CID_19009,Phytochemical,interacts_with,,10599,Target
CID_19009,Phytochemical,interacts_with,,1565,Target
CID_19009,Phytochemical,interacts_with,,1576,Target
CID_19009,Phytochemical,interacts_with,,2033,Target
CID_19009,Phytochemical,interacts_with,,23028,Target
CID_19009,Phytochemical,interacts_with,,28234,Target
CID_19009,Phytochemical,interacts_with,,3091,Target
CID_19009,Phytochemical,interacts_with,,4000,Target
CID_19009,Phytochemical,interacts_with,,43,Target
CID_19009,Phytochemical,interacts_with,,5550,Target
CID_19009,Phytochemical,interacts_with,,5770,Target
CID_19009,Phytochemical,interacts_with,,590,Target
CID_19009,Phytochemical,interacts_with,,7398,Target
Berberis aristata,SHD,contains_chemical,part:Stem,CID_72323,Phytochemical
CID_72323,Phytochemical,interacts_with,,10919,Target
CID_72323,Phytochemical,interacts_with,,11201,Target
CID_72323,Phytochemical,interacts_with,,1576,Target
CID_72323,Phytochemical,interacts_with,,2237,Target
CID_72323,Phytochemical,interacts_with,,23028,Target
CID_72323,Phytochemical,interacts_with,,2548,Target
CID_72323,Phytochemical,interacts_with,,2629,Target
CID_72323,Phytochemical,interacts_with,,2744,Target
CID_72323,Phytochemical,interacts_with,,390245,Target
CID_72323,Phytochemical,interacts_with,,4000,Target
CID_72323,Phytochemical,interacts_with,,4137,Target
CID_72323,Phytochemical,interacts_with,,4154,Target
CID_72323,Phytochemical,interacts_with,,5423,Target
CID_72323,Phytochemical,interacts_with,,55775,Target
CID_72323,Phytochemical,interacts_with,,5893,Target
CID_72323,Phytochemical,interacts_with,,6606,Target
Berberis aristata,SHD,contains_chemical,part:Stem,CID_11066,Phytochemical
CID_11066,Phytochemical,interacts_with,,351,Target
CID_11066,Phytochemical,interacts_with,,43,Target
CID_11066,Phytochemical,interacts_with,,5550,Target
CID_11066,Phytochemical,interacts_with,,590,Target
Berberis aristata,SHD,contains_chemical,part:Stem,CID_442333,Phytochemical
CID_442333,Phytochemical,interacts_with,,3417,Target
CID_442333,Phytochemical,interacts_with,,4088,Target
CID_442333,Phytochemical,interacts_with,,55775,Target
CID_442333,Phytochemical,interacts_with,,5893,Target
CID_442333,Phytochemical,interacts_with,,6311,Target
CID_442333,Phytochemical,interacts_with,,7398,Target
CID_442333,Phytochemical,interacts_with,,9682,Target
Berberis aristata,SHD,contains_chemical,part:Stem,CID_630739,Phytochemical
Berberis aristata,SHD,contains_chemical,part:Stem,CID_193239,Phytochemical
Berberis aristata,SHD,contains_chemical,part:Stem,CID_156697,Phytochemical
Berberis aristata,SHD,contains_chemical,part:Stem,CAS_77754-91-7,Phytochemical
Berberis aristata,SHD,contains_chemical,part:Stem,CID_181478,Phytochemical
Gymnema sylvestre,SHD,contains_chemical,part:Leaf,CID_94715,Phytochemical
Gymnema sylvestre,SHD,contains_chemical,part:Leaf,CID_439215,Phytochemical
Gymnema sylvestre,SHD,contains_chemical,part:Leaf,CID_12366,Phytochemical
Gymnema sylvestre,SHD,contains_chemical,part:Leaf,CID_11005,Phytochemical
Gymnema sylvestre,SHD,contains_chemical,part:Leaf,CID_985,Phytochemical
Gymnema sylvestre,SHD,contains_chemical,part:Leaf,CID_5281,Phytochemical
Gymnema sylvestre,SHD,contains_chemical,part:Leaf,CID_12592,Phytochemical
Gymnema sylvestre,SHD,contains_chemical,part:Leaf,CID_957,Phytochemical
CID_957,Phytochemical,interacts_with,,10951,Target
CID_957,Phytochemical,interacts_with,,216,Target
CID_957,Phytochemical,interacts_with,,2908,Target
CID_957,Phytochemical,interacts_with,,3028,Target
CID_957,Phytochemical,interacts_with,,328,Target
CID_957,Phytochemical,interacts_with,,7068,Target
Gymnema sylvestre,SHD,contains_chemical,part:Leaf,CID_8193,Phytochemical
CID_8193,Phytochemical,interacts_with,,4780,Target
CID_8193,Phytochemical,interacts_with,,8989,Target
Gymnema sylvestre,SHD,contains_chemical,part:Leaf,CID_5280794,Phytochemical
Gymnema sylvestre,SHD,contains_chemical,part:Leaf,CID_73145,Phytochemical
Gymnema sylvestre,SHD,contains_chemical,part:Leaf,CID_259846,Phytochemical
Gymnema sylvestre,SHD,contains_chemical,part:Leaf,CID_305,Phytochemical
CID_305,Phytochemical,interacts_with,,10919,Target
CID_305,Phytochemical,interacts_with,,11255,Target
CID_305,Phytochemical,interacts_with,,1128,Target
CID_305,Phytochemical,interacts_with,,1129,Target
CID_305,Phytochemical,interacts_with,,1137,Target
CID_305,Phytochemical,interacts_with,,1139,Target
CID_305,Phytochemical,interacts_with,,140,Target
CID_305,Phytochemical,interacts_with,,148,Target
CID_305,Phytochemical,interacts_with,,150,Target
CID_305,Phytochemical,interacts_with,,1812,Target
CID_305,Phytochemical,interacts_with,,1814,Target
CID_305,Phytochemical,interacts_with,,2099,Target
CID_305,Phytochemical,interacts_with,,2147,Target
CID_305,Phytochemical,interacts_with,,3350,Target
CID_305,Phytochemical,interacts_with,,3357,Target
CID_305,Phytochemical,interacts_with,,367,Target
CID_305,Phytochemical,interacts_with,,4128,Target
CID_305,Phytochemical,interacts_with,,43,Target
CID_305,Phytochemical,interacts_with,,4988,Target
CID_305,Phytochemical,interacts_with,,5139,Target
CID_305,Phytochemical,interacts_with,,5141,Target
CID_305,Phytochemical,interacts_with,,5241,Target
CID_305,Phytochemical,interacts_with,,5742,Target
CID_305,Phytochemical,interacts_with,,6530,Target
CID_305,Phytochemical,interacts_with,,6531,Target
CID_305,Phytochemical,interacts_with,,6532,Target
CID_305,Phytochemical,interacts_with,,6580,Target
CID_305,Phytochemical,interacts_with,,6582,Target
CID_305,Phytochemical,interacts_with,,6583,Target
CID_305,Phytochemical,interacts_with,,6584,Target
CID_305,Phytochemical,interacts_with,,6915,Target
Gymnema sylvestre,SHD,contains_chemical,part:Leaf,CID_247,Phytochemical
CID_247,Phytochemical,interacts_with,,10919,Target
CID_247,Phytochemical,interacts_with,,10951,Target
CID_247,Phytochemical,interacts_with,,1559,Target
CID_247,Phytochemical,interacts_with,,1565,Target
CID_247,Phytochemical,interacts_with,,1576,Target
CID_247,Phytochemical,interacts_with,,206358,Target
CID_247,Phytochemical,interacts_with,,25939,Target
CID_247,Phytochemical,interacts_with,,7253,Target
CID_247,Phytochemical,interacts_with,,79915,Target
CID_247,Phytochemical,interacts_with,,8647,Target
Gymnema sylvestre,SHD,contains_chemical,part:Leaf,CID_2758,Phytochemical
CID_2758,Phytochemical,interacts_with,,10062,Target
CID_2758,Phytochemical,interacts_with,,10280,Target
CID_2758,Phytochemical,interacts_with,,10800,Target
CID_2758,Phytochemical,interacts_with,,10951,Target
CID_2758,Phytochemical,interacts_with,,1128,Target
CID_2758,Phytochemical,interacts_with,,1129,Target
CID_2758,Phytochemical,interacts_with,,1131,Target
CID_2758,Phytochemical,interacts_with,,1132,Target
CID_2758,Phytochemical,interacts_with,,1133,Target
CID_2758,Phytochemical,interacts_with,,1233,Target
CID_2758,Phytochemical,interacts_with,,1234,Target
CID_2758,Phytochemical,interacts_with,,1268,Target
CID_2758,Phytochemical,interacts_with,,134,Target
CID_2758,Phytochemical,interacts_with,,135,Target
CID_2758,Phytochemical,interacts_with,,140,Target
CID_2758,Phytochemical,interacts_with,,1432,Target
CID_2758,Phytochemical,interacts_with,,146,Target
CID_2758,Phytochemical,interacts_with,,150,Target
CID_2758,Phytochemical,interacts_with,,151,Target
CID_2758,Phytochemical,interacts_with,,1511,Target
CID_2758,Phytochemical,interacts_with,,152,Target
CID_2758,Phytochemical,interacts_with,,153,Target
CID_2758,Phytochemical,interacts_with,,154,Target
CID_2758,Phytochemical,interacts_with,,1544,Target
CID_2758,Phytochemical,interacts_with,,1548,Target
CID_2758,Phytochemical,interacts_with,,155,Target
CID_2758,Phytochemical,interacts_with,,1557,Target
CID_2758,Phytochemical,interacts_with,,1559,Target
CID_2758,Phytochemical,interacts_with,,1565,Target
CID_2758,Phytochemical,interacts_with,,1571,Target
CID_2758,Phytochemical,interacts_with,,1576,Target
CID_2758,Phytochemical,interacts_with,,1812,Target
CID_2758,Phytochemical,interacts_with,,1813,Target
CID_2758,Phytochemical,interacts_with,,1814,Target
CID_2758,Phytochemical,interacts_with,,1815,Target
CID_2758,Phytochemical,interacts_with,,186,Target
CID_2758,Phytochemical,interacts_with,,1909,Target
CID_2758,Phytochemical,interacts_with,,1956,Target
CID_2758,Phytochemical,interacts_with,,1991,Target
CID_2758,Phytochemical,interacts_with,,2064,Target
CID_2758,Phytochemical,interacts_with,,2099,Target
CID_2758,Phytochemical,interacts_with,,2100,Target
CID_2758,Phytochemical,interacts_with,,2321,Target
CID_2758,Phytochemical,interacts_with,,2534,Target
CID_2758,Phytochemical,interacts_with,,25939,Target
CID_2758,Phytochemical,interacts_with,,2908,Target
CID_2758,Phytochemical,interacts_with,,3156,Target
CID_2758,Phytochemical,interacts_with,,3269,Target
CID_2758,Phytochemical,interacts_with,,3274,Target
CID_2758,Phytochemical,interacts_with,,328,Target
CID_2758,Phytochemical,interacts_with,,3356,Target
CID_2758,Phytochemical,interacts_with,,3357,Target
CID_2758,Phytochemical,interacts_with,,3358,Target
CID_2758,Phytochemical,interacts_with,,3359,Target
CID_2758,Phytochemical,interacts_with,,3362,Target
CID_2758,Phytochemical,interacts_with,,3577,Target
CID_2758,Phytochemical,interacts_with,,3579,Target
CID_2758,Phytochemical,interacts_with,,367,Target
CID_2758,Phytochemical,interacts_with,,3725,Target
CID_2758,Phytochemical,interacts_with,,3757,Target
CID_2758,Phytochemical,interacts_with,,3932,Target
CID_2758,Phytochemical,interacts_with,,4000,Target
CID_2758,Phytochemical,interacts_with,,4128,Target
CID_2758,Phytochemical,interacts_with,,4137,Target
CID_2758,Phytochemical,interacts_with,,4159,Target
CID_2758,Phytochemical,interacts_with,,4160,Target
CID_2758,Phytochemical,interacts_with,,4161,Target
CID_2758,Phytochemical,interacts_with,,43,Target
CID_2758,Phytochemical,interacts_with,,4312,Target
CID_2758,Phytochemical,interacts_with,,4318,Target
CID_2758,Phytochemical,interacts_with,,4886,Target
CID_2758,Phytochemical,interacts_with,,4887,Target
CID_2758,Phytochemical,interacts_with,,4985,Target
CID_2758,Phytochemical,interacts_with,,4986,Target
CID_2758,Phytochemical,interacts_with,,4988,Target
CID_2758,Phytochemical,interacts_with,,51053,Target
CID_2758,Phytochemical,interacts_with,,5467,Target
CID_2758,Phytochemical,interacts_with,,552,Target
CID_2758,Phytochemical,interacts_with,,5530,Target
CID_2758,Phytochemical,interacts_with,,55775,Target
CID_2758,Phytochemical,interacts_with,,5578,Target
CID_2758,Phytochemical,interacts_with,,5594,Target
CID_2758,Phytochemical,interacts_with,,5595,Target
CID_2758,Phytochemical,interacts_with,,5724,Target
CID_2758,Phytochemical,interacts_with,,5742,Target
CID_2758,Phytochemical,interacts_with,,5743,Target
CID_2758,Phytochemical,interacts_with,,5788,Target
CID_2758,Phytochemical,interacts_with,,5965,Target
CID_2758,Phytochemical,interacts_with,,624,Target
CID_2758,Phytochemical,interacts_with,,6530,Target
CID_2758,Phytochemical,interacts_with,,6531,Target
CID_2758,Phytochemical,interacts_with,,6532,Target
CID_2758,Phytochemical,interacts_with,,6865,Target
CID_2758,Phytochemical,interacts_with,,6869,Target
CID_2758,Phytochemical,interacts_with,,6916,Target
CID_2758,Phytochemical,interacts_with,,7253,Target
CID_2758,Phytochemical,interacts_with,,729230,Target
CID_2758,Phytochemical,interacts_with,,7433,Target
CID_2758,Phytochemical,interacts_with,,760,Target
CID_2758,Phytochemical,interacts_with,,79054,Target
CID_2758,Phytochemical,interacts_with,,799,Target
CID_2758,Phytochemical,interacts_with,,834,Target
CID_2758,Phytochemical,interacts_with,,8654,Target
CID_2758,Phytochemical,interacts_with,,886,Target
Gymnema sylvestre,SHD,contains_chemical,part:Leaf,CID_6918391,Phytochemical
CID_6918391,Phytochemical,interacts_with,,10013,Target
CID_6918391,Phytochemical,interacts_with,,5315,Target
Gymnema sylvestre,SHD,contains_chemical,part:Leaf,CID_12410,Phytochemical
Gymnema sylvestre,SHD,contains_chemical,part:Leaf,CID_439655,Phytochemical
CID_439655,Phytochemical,interacts_with,,10013,Target
CID_439655,Phytochemical,interacts_with,,10014,Target
CID_439655,Phytochemical,interacts_with,,3065,Target
CID_439655,Phytochemical,interacts_with,,3066,Target
CID_439655,Phytochemical,interacts_with,,51053,Target
CID_439655,Phytochemical,interacts_with,,51564,Target
CID_439655,Phytochemical,interacts_with,,55869,Target
CID_439655,Phytochemical,interacts_with,,7253,Target
CID_439655,Phytochemical,interacts_with,,79885,Target
CID_439655,Phytochemical,interacts_with,,83933,Target
CID_439655,Phytochemical,interacts_with,,8841,Target
CID_439655,Phytochemical,interacts_with,,9682,Target
CID_439655,Phytochemical,interacts_with,,9734,Target
CID_439655,Phytochemical,interacts_with,,9759,Target
Gymnema sylvestre,SHD,contains_chemical,part:Leaf,CID_13849,Phytochemical
CID_13849,Phytochemical,interacts_with,,1588,Target
CID_13849,Phytochemical,interacts_with,,367,Target
CID_13849,Phytochemical,interacts_with,,5467,Target
Gymnema sylvestre,SHD,contains_chemical,part:Leaf,CID_12409,Phytochemical
Gymnema sylvestre,SHD,contains_chemical,part:Leaf,CID_12535,Phytochemical
CID_12535,Phytochemical,interacts_with,,7068,Target
Gymnema sylvestre,SHD,contains_chemical,part:Leaf,CID_3314,Phytochemical
CID_3314,Phytochemical,interacts_with,,10280,Target
CID_3314,Phytochemical,interacts_with,,10599,Target
CID_3314,Phytochemical,interacts_with,,10800,Target
CID_3314,Phytochemical,interacts_with,,10941,Target
CID_3314,Phytochemical,interacts_with,,1128,Target
CID_3314,Phytochemical,interacts_with,,1129,Target
CID_3314,Phytochemical,interacts_with,,1131,Target
CID_3314,Phytochemical,interacts_with,,1132,Target
CID_3314,Phytochemical,interacts_with,,1133,Target
CID_3314,Phytochemical,interacts_with,,1233,Target
CID_3314,Phytochemical,interacts_with,,1234,Target
CID_3314,Phytochemical,interacts_with,,1268,Target
CID_3314,Phytochemical,interacts_with,,134,Target
CID_3314,Phytochemical,interacts_with,,135,Target
CID_3314,Phytochemical,interacts_with,,140,Target
CID_3314,Phytochemical,interacts_with,,1432,Target
CID_3314,Phytochemical,interacts_with,,146,Target
CID_3314,Phytochemical,interacts_with,,150,Target
CID_3314,Phytochemical,interacts_with,,151,Target
CID_3314,Phytochemical,interacts_with,,1511,Target
CID_3314,Phytochemical,interacts_with,,152,Target
CID_3314,Phytochemical,interacts_with,,153,Target
CID_3314,Phytochemical,interacts_with,,154,Target
CID_3314,Phytochemical,interacts_with,,1544,Target
CID_3314,Phytochemical,interacts_with,,1548,Target
CID_3314,Phytochemical,interacts_with,,155,Target
CID_3314,Phytochemical,interacts_with,,1557,Target
CID_3314,Phytochemical,interacts_with,,1559,Target
CID_3314,Phytochemical,interacts_with,,1565,Target
CID_3314,Phytochemical,interacts_with,,1571,Target
CID_3314,Phytochemical,interacts_with,,1576,Target
CID_3314,Phytochemical,interacts_with,,1812,Target
CID_3314,Phytochemical,interacts_with,,1813,Target
CID_3314,Phytochemical,interacts_with,,1814,Target
CID_3314,Phytochemical,interacts_with,,1815,Target
CID_3314,Phytochemical,interacts_with,,186,Target
CID_3314,Phytochemical,interacts_with,,1909,Target
CID_3314,Phytochemical,interacts_with,,1956,Target
CID_3314,Phytochemical,interacts_with,,1991,Target
CID_3314,Phytochemical,interacts_with,,2064,Target
CID_3314,Phytochemical,interacts_with,,2099,Target
CID_3314,Phytochemical,interacts_with,,2100,Target
CID_3314,Phytochemical,interacts_with,,216,Target
CID_3314,Phytochemical,interacts_with,,2321,Target
CID_3314,Phytochemical,interacts_with,,240,Target
CID_3314,Phytochemical,interacts_with,,2534,Target
CID_3314,Phytochemical,interacts_with,,26339,Target
CID_3314,Phytochemical,interacts_with,,28234,Target
CID_3314,Phytochemical,interacts_with,,2908,Target
CID_3314,Phytochemical,interacts_with,,2990,Target
CID_3314,Phytochemical,interacts_with,,3156,Target
CID_3314,Phytochemical,interacts_with,,3269,Target
CID_3314,Phytochemical,interacts_with,,3274,Target
CID_3314,Phytochemical,interacts_with,,3356,Target
CID_3314,Phytochemical,interacts_with,,3357,Target
CID_3314,Phytochemical,interacts_with,,3358,Target
CID_3314,Phytochemical,interacts_with,,3362,Target
CID_3314,Phytochemical,interacts_with,,3576,Target
CID_3314,Phytochemical,interacts_with,,3577,Target
CID_3314,Phytochemical,interacts_with,,3579,Target
CID_3314,Phytochemical,interacts_with,,367,Target
CID_3314,Phytochemical,interacts_with,,3725,Target
CID_3314,Phytochemical,interacts_with,,3757,Target
CID_3314,Phytochemical,interacts_with,,3932,Target
CID_3314,Phytochemical,interacts_with,,4128,Target
CID_3314,Phytochemical,interacts_with,,4159,Target
CID_3314,Phytochemical,interacts_with,,4160,Target
CID_3314,Phytochemical,interacts_with,,4161,Target
CID_3314,Phytochemical,interacts_with,,43,Target
CID_3314,Phytochemical,interacts_with,,4312,Target
CID_3314,Phytochemical,interacts_with,,4318,Target
CID_3314,Phytochemical,interacts_with,,4780,Target
CID_3314,Phytochemical,interacts_with,,4886,Target
CID_3314,Phytochemical,interacts_with,,4887,Target
CID_3314,Phytochemical,interacts_with,,4985,Target
CID_3314,Phytochemical,interacts_with,,4986,Target
CID_3314,Phytochemical,interacts_with,,4988,Target
CID_3314,Phytochemical,interacts_with,,51053,Target
CID_3314,Phytochemical,interacts_with,,54575,Target
CID_3314,Phytochemical,interacts_with,,54576,Target
CID_3314,Phytochemical,interacts_with,,54578,Target
CID_3314,Phytochemical,interacts_with,,54600,Target
CID_3314,Phytochemical,interacts_with,,54657,Target
CID_3314,Phytochemical,interacts_with,,54658,Target
CID_3314,Phytochemical,interacts_with,,54659,Target
CID_3314,Phytochemical,interacts_with,,552,Target
CID_3314,Phytochemical,interacts_with,,5530,Target
CID_3314,Phytochemical,interacts_with,,5578,Target
CID_3314,Phytochemical,interacts_with,,5594,Target
CID_3314,Phytochemical,interacts_with,,5595,Target
CID_3314,Phytochemical,interacts_with,,5724,Target
CID_3314,Phytochemical,interacts_with,,5742,Target
CID_3314,Phytochemical,interacts_with,,5743,Target
CID_3314,Phytochemical,interacts_with,,5788,Target
CID_3314,Phytochemical,interacts_with,,60489,Target
CID_3314,Phytochemical,interacts_with,,624,Target
CID_3314,Phytochemical,interacts_with,,6530,Target
CID_3314,Phytochemical,interacts_with,,6531,Target
CID_3314,Phytochemical,interacts_with,,6532,Target
CID_3314,Phytochemical,interacts_with,,6865,Target
CID_3314,Phytochemical,interacts_with,,6869,Target
CID_3314,Phytochemical,interacts_with,,6916,Target
CID_3314,Phytochemical,interacts_with,,729230,Target
CID_3314,Phytochemical,interacts_with,,7366,Target
CID_3314,Phytochemical,interacts_with,,7367,Target
CID_3314,Phytochemical,interacts_with,,7433,Target
CID_3314,Phytochemical,interacts_with,,760,Target
CID_3314,Phytochemical,interacts_with,,775,Target
CID_3314,Phytochemical,interacts_with,,79054,Target
CID_3314,Phytochemical,interacts_with,,799,Target
CID_3314,Phytochemical,interacts_with,,834,Target
CID_3314,Phytochemical,interacts_with,,8654,Target
CID_3314,Phytochemical,interacts_with,,886,Target
CID_3314,Phytochemical,interacts_with,,8989,Target
Gymnema sylvestre,SHD,contains_chemical,part:Leaf,CID_7127,Phytochemical
CID_7127,Phytochemical,interacts_with,,216,Target
CID_7127,Phytochemical,interacts_with,,2648,Target
CID_7127,Phytochemical,interacts_with,,2908,Target
CID_7127,Phytochemical,interacts_with,,367,Target
CID_7127,Phytochemical,interacts_with,,4088,Target
CID_7127,Phytochemical,interacts_with,,4780,Target
CID_7127,Phytochemical,interacts_with,,5465,Target
CID_7127,Phytochemical,interacts_with,,5467,Target
CID_7127,Phytochemical,interacts_with,,5468,Target
CID_7127,Phytochemical,interacts_with,,7068,Target
CID_7127,Phytochemical,interacts_with,,79915,Target
CID_7127,Phytochemical,interacts_with,,9971,Target
Gymnema sylvestre,SHD,contains_chemical,part:Leaf,CID_2682,Phytochemical
CID_2682,Phytochemical,interacts_with,,10013,Target
CID_2682,Phytochemical,interacts_with,,328,Target
CID_2682,Phytochemical,interacts_with,,4000,Target
CID_2682,Phytochemical,interacts_with,,4297,Target
CID_2682,Phytochemical,interacts_with,,4780,Target
CID_2682,Phytochemical,interacts_with,,7398,Target
Gymnema sylvestre,SHD,contains_chemical,part:Leaf,CID_7410,Phytochemical
CID_7410,Phytochemical,interacts_with,,2932,Target
CID_7410,Phytochemical,interacts_with,,6093,Target
CID_7410,Phytochemical,interacts_with,,6095,Target
CID_7410,Phytochemical,interacts_with,,6096,Target
CID_7410,Phytochemical,interacts_with,,6097,Target
Gymnema sylvestre,SHD,contains_chemical,part:Leaf,CID_61303,Phytochemical
CID_61303,Phytochemical,interacts_with,,8989,Target
Gymnema sylvestre,SHD,contains_chemical,part:Leaf,CID_8221,Phytochemical
CID_8221,Phytochemical,interacts_with,,10013,Target
CID_8221,Phytochemical,interacts_with,,328,Target
CID_8221,Phytochemical,interacts_with,,4000,Target
CID_8221,Phytochemical,interacts_with,,51053,Target
Gymnema sylvestre,SHD,contains_chemical,part:Leaf,CID_5280435,Phytochemical
CID_5280435,Phytochemical,interacts_with,,5770,Target
CID_5280435,Phytochemical,interacts_with,,5771,Target
CID_5280435,Phytochemical,interacts_with,,5777,Target
CID_5280435,Phytochemical,interacts_with,,5781,Target
CID_5280435,Phytochemical,interacts_with,,5792,Target
CID_5280435,Phytochemical,interacts_with,,994,Target
Gymnema sylvestre,SHD,contains_chemical,part:Leaf,CID_10408,Phytochemical
Gymnema sylvestre,SHD,contains_chemical,part:Leaf,CID_12406,Phytochemical
Gymnema sylvestre,SHD,contains_chemical,part:Leaf,CID_11636,Phytochemical
Gymnema sylvestre,SHD,contains_chemical,part:Leaf,CID_8181,Phytochemical
CID_8181,Phytochemical,interacts_with,,1268,Target
CID_8181,Phytochemical,interacts_with,,1269,Target
CID_8181,Phytochemical,interacts_with,,8989,Target
Gymnema sylvestre,SHD,contains_chemical,part:Leaf,CID_12413,Phytochemical
Gymnema sylvestre,SHD,contains_chemical,part:Leaf,CID_12411,Phytochemical
Gymnema sylvestre,SHD,contains_chemical,part:Leaf,CID_119,Phytochemical
CID_119,Phytochemical,interacts_with,,10013,Target
CID_119,Phytochemical,interacts_with,,10014,Target
CID_119,Phytochemical,interacts_with,,10599,Target
CID_119,Phytochemical,interacts_with,,10919,Target
CID_119,Phytochemical,interacts_with,,117247,Target
CID_119,Phytochemical,interacts_with,,18,Target
CID_119,Phytochemical,interacts_with,,200959,Target
CID_119,Phytochemical,interacts_with,,206358,Target
CID_119,Phytochemical,interacts_with,,2550,Target
CID_119,Phytochemical,interacts_with,,2554,Target
CID_119,Phytochemical,interacts_with,,2555,Target
CID_119,Phytochemical,interacts_with,,2556,Target
CID_119,Phytochemical,interacts_with,,2557,Target
CID_119,Phytochemical,interacts_with,,2558,Target
CID_119,Phytochemical,interacts_with,,2559,Target
CID_119,Phytochemical,interacts_with,,2560,Target
CID_119,Phytochemical,interacts_with,,2561,Target
CID_119,Phytochemical,interacts_with,,2562,Target
CID_119,Phytochemical,interacts_with,,2563,Target
CID_119,Phytochemical,interacts_with,,2564,Target
CID_119,Phytochemical,interacts_with,,2565,Target
CID_119,Phytochemical,interacts_with,,2566,Target
CID_119,Phytochemical,interacts_with,,2567,Target
CID_119,Phytochemical,interacts_with,,2568,Target
CID_119,Phytochemical,interacts_with,,2569,Target
CID_119,Phytochemical,interacts_with,,2570,Target
CID_119,Phytochemical,interacts_with,,25939,Target
CID_119,Phytochemical,interacts_with,,28234,Target
CID_119,Phytochemical,interacts_with,,3065,Target
CID_119,Phytochemical,interacts_with,,3066,Target
CID_119,Phytochemical,interacts_with,,51206,Target
CID_119,Phytochemical,interacts_with,,51564,Target
CID_119,Phytochemical,interacts_with,,55869,Target
CID_119,Phytochemical,interacts_with,,55879,Target
CID_119,Phytochemical,interacts_with,,6529,Target
CID_119,Phytochemical,interacts_with,,6538,Target
CID_119,Phytochemical,interacts_with,,6539,Target
CID_119,Phytochemical,interacts_with,,6540,Target
CID_119,Phytochemical,interacts_with,,79885,Target
CID_119,Phytochemical,interacts_with,,83933,Target
CID_119,Phytochemical,interacts_with,,8841,Target
CID_119,Phytochemical,interacts_with,,9568,Target
CID_119,Phytochemical,interacts_with,,9734,Target
CID_119,Phytochemical,interacts_with,,9759,Target
Gymnema sylvestre,SHD,contains_chemical,part:Leaf,CID_264,Phytochemical
CID_264,Phytochemical,interacts_with,,10013,Target
CID_264,Phytochemical,interacts_with,,10014,Target
CID_264,Phytochemical,interacts_with,,2865,Target
CID_264,Phytochemical,interacts_with,,3065,Target
CID_264,Phytochemical,interacts_with,,3066,Target
CID_264,Phytochemical,interacts_with,,390245,Target
CID_264,Phytochemical,interacts_with,,4790,Target
CID_264,Phytochemical,interacts_with,,51181,Target
CID_264,Phytochemical,interacts_with,,51564,Target
CID_264,Phytochemical,interacts_with,,5315,Target
CID_264,Phytochemical,interacts_with,,54575,Target
CID_264,Phytochemical,interacts_with,,54576,Target
CID_264,Phytochemical,interacts_with,,55869,Target
CID_264,Phytochemical,interacts_with,,79885,Target
CID_264,Phytochemical,interacts_with,,83933,Target
CID_264,Phytochemical,interacts_with,,84929,Target
CID_264,Phytochemical,interacts_with,,8841,Target
CID_264,Phytochemical,interacts_with,,9734,Target
CID_264,Phytochemical,interacts_with,,9759,Target
Gymnema sylvestre,SHD,contains_chemical,part:Leaf,CID_445858,Phytochemical
Gymnema sylvestre,SHD,contains_chemical,part:Leaf,CID_8209,Phytochemical
CID_8209,Phytochemical,interacts_with,,5467,Target
CID_8209,Phytochemical,interacts_with,,9971,Target
Gymnema sylvestre,SHD,contains_chemical,part:Leaf,CID_5352845,Phytochemical
Gymnema sylvestre,SHD,contains_chemical,part:Leaf,CID_643915,Phytochemical
Gymnema sylvestre,SHD,contains_chemical,part:Leaf,CID_798,Phytochemical
CID_798,Phytochemical,interacts_with,,1020,Target
CID_798,Phytochemical,interacts_with,,132,Target
CID_798,Phytochemical,interacts_with,,2931,Target
CID_798,Phytochemical,interacts_with,,2932,Target
CID_798,Phytochemical,interacts_with,,3383,Target
CID_798,Phytochemical,interacts_with,,3683,Target
CID_798,Phytochemical,interacts_with,,3689,Target
CID_798,Phytochemical,interacts_with,,3725,Target
CID_798,Phytochemical,interacts_with,,759,Target
CID_798,Phytochemical,interacts_with,,760,Target
CID_798,Phytochemical,interacts_with,,762,Target
CID_798,Phytochemical,interacts_with,,765,Target
CID_798,Phytochemical,interacts_with,,8851,Target
CID_798,Phytochemical,interacts_with,,8989,Target
Gymnema sylvestre,SHD,contains_chemical,part:Leaf,CID_441437,Phytochemical
Gymnema sylvestre,SHD,contains_chemical,part:Leaf,CID_9548706,Phytochemical
Gymnema sylvestre,SHD,contains_chemical,part:Leaf,CID_12397,Phytochemical
CID_12397,Phytochemical,interacts_with,,367,Target
Gymnema sylvestre,SHD,contains_chemical,part:Leaf,CID_892,Phytochemical
CID_892,Phytochemical,interacts_with,,10013,Target
CID_892,Phytochemical,interacts_with,,11255,Target
CID_892,Phytochemical,interacts_with,,1128,Target
CID_892,Phytochemical,interacts_with,,1129,Target
CID_892,Phytochemical,interacts_with,,140,Target
CID_892,Phytochemical,interacts_with,,148,Target
CID_892,Phytochemical,interacts_with,,150,Target
CID_892,Phytochemical,interacts_with,,1812,Target
CID_892,Phytochemical,interacts_with,,1814,Target
CID_892,Phytochemical,interacts_with,,2099,Target
CID_892,Phytochemical,interacts_with,,2147,Target
CID_892,Phytochemical,interacts_with,,3350,Target
CID_892,Phytochemical,interacts_with,,3357,Target
CID_892,Phytochemical,interacts_with,,351,Target
CID_892,Phytochemical,interacts_with,,367,Target
CID_892,Phytochemical,interacts_with,,3757,Target
CID_892,Phytochemical,interacts_with,,3791,Target
CID_892,Phytochemical,interacts_with,,4128,Target
CID_892,Phytochemical,interacts_with,,43,Target
CID_892,Phytochemical,interacts_with,,49,Target
CID_892,Phytochemical,interacts_with,,4988,Target
CID_892,Phytochemical,interacts_with,,5139,Target
CID_892,Phytochemical,interacts_with,,5141,Target
CID_892,Phytochemical,interacts_with,,5241,Target
CID_892,Phytochemical,interacts_with,,55775,Target
CID_892,Phytochemical,interacts_with,,5742,Target
CID_892,Phytochemical,interacts_with,,6530,Target
CID_892,Phytochemical,interacts_with,,6531,Target
CID_892,Phytochemical,interacts_with,,6532,Target
CID_892,Phytochemical,interacts_with,,6915,Target
Gymnema sylvestre,SHD,contains_chemical,part:Leaf,CID_785,Phytochemical
CID_785,Phytochemical,interacts_with,,10013,Target
CID_785,Phytochemical,interacts_with,,10599,Target
CID_785,Phytochemical,interacts_with,,10919,Target
CID_785,Phytochemical,interacts_with,,10951,Target
CID_785,Phytochemical,interacts_with,,11238,Target
CID_785,Phytochemical,interacts_with,,1576,Target
CID_785,Phytochemical,interacts_with,,196,Target
CID_785,Phytochemical,interacts_with,,2099,Target
CID_785,Phytochemical,interacts_with,,216,Target
CID_785,Phytochemical,interacts_with,,2237,Target
CID_785,Phytochemical,interacts_with,,23632,Target
CID_785,Phytochemical,interacts_with,,246,Target
CID_785,Phytochemical,interacts_with,,2475,Target
CID_785,Phytochemical,interacts_with,,2744,Target
CID_785,Phytochemical,interacts_with,,28234,Target
CID_785,Phytochemical,interacts_with,,2908,Target
CID_785,Phytochemical,interacts_with,,3028,Target
CID_785,Phytochemical,interacts_with,,3043,Target
CID_785,Phytochemical,interacts_with,,3091,Target
CID_785,Phytochemical,interacts_with,,3248,Target
CID_785,Phytochemical,interacts_with,,3315,Target
CID_785,Phytochemical,interacts_with,,3576,Target
CID_785,Phytochemical,interacts_with,,367,Target
CID_785,Phytochemical,interacts_with,,3725,Target
CID_785,Phytochemical,interacts_with,,390245,Target
CID_785,Phytochemical,interacts_with,,4000,Target
CID_785,Phytochemical,interacts_with,,410,Target
CID_785,Phytochemical,interacts_with,,4137,Target
CID_785,Phytochemical,interacts_with,,4297,Target
CID_785,Phytochemical,interacts_with,,4780,Target
CID_785,Phytochemical,interacts_with,,4790,Target
CID_785,Phytochemical,interacts_with,,4864,Target
CID_785,Phytochemical,interacts_with,,51053,Target
CID_785,Phytochemical,interacts_with,,5300,Target
CID_785,Phytochemical,interacts_with,,5376,Target
CID_785,Phytochemical,interacts_with,,54575,Target
CID_785,Phytochemical,interacts_with,,54577,Target
CID_785,Phytochemical,interacts_with,,5467,Target
CID_785,Phytochemical,interacts_with,,54737,Target
CID_785,Phytochemical,interacts_with,,55775,Target
CID_785,Phytochemical,interacts_with,,5743,Target
CID_785,Phytochemical,interacts_with,,5965,Target
CID_785,Phytochemical,interacts_with,,5999,Target
CID_785,Phytochemical,interacts_with,,6097,Target
CID_785,Phytochemical,interacts_with,,6256,Target
CID_785,Phytochemical,interacts_with,,6311,Target
CID_785,Phytochemical,interacts_with,,641,Target
CID_785,Phytochemical,interacts_with,,7066,Target
CID_785,Phytochemical,interacts_with,,7068,Target
CID_785,Phytochemical,interacts_with,,7299,Target
CID_785,Phytochemical,interacts_with,,759,Target
CID_785,Phytochemical,interacts_with,,760,Target
CID_785,Phytochemical,interacts_with,,761,Target
CID_785,Phytochemical,interacts_with,,762,Target
CID_785,Phytochemical,interacts_with,,763,Target
CID_785,Phytochemical,interacts_with,,765,Target
CID_785,Phytochemical,interacts_with,,766,Target
CID_785,Phytochemical,interacts_with,,768,Target
CID_785,Phytochemical,interacts_with,,771,Target
CID_785,Phytochemical,interacts_with,,79915,Target
CID_785,Phytochemical,interacts_with,,9367,Target
CID_785,Phytochemical,interacts_with,,9971,Target
Gymnema sylvestre,SHD,contains_chemical,part:Leaf,CID_114522,Phytochemical
Gymnema sylvestre,SHD,contains_chemical,part:Leaf,CID_5283384,Phytochemical
Gymnema sylvestre,SHD,contains_chemical,part:Leaf,CID_9015,Phytochemical
CID_9015,Phytochemical,interacts_with,,10013,Target
CID_9015,Phytochemical,interacts_with,,10941,Target
CID_9015,Phytochemical,interacts_with,,3315,Target
CID_9015,Phytochemical,interacts_with,,3417,Target
CID_9015,Phytochemical,interacts_with,,4780,Target
CID_9015,Phytochemical,interacts_with,,5467,Target
CID_9015,Phytochemical,interacts_with,,55775,Target
CID_9015,Phytochemical,interacts_with,,6097,Target
Gymnema sylvestre,SHD,contains_chemical,part:Leaf,CID_10290861,Phytochemical
Gymnema sylvestre,SHD,contains_chemical,part:Leaf,CID_8123,Phytochemical
Gymnema sylvestre,SHD,contains_chemical,part:Leaf,CID_15560302,Phytochemical
Gymnema sylvestre,SHD,contains_chemical,part:Leaf,CID_12101,Phytochemical
CID_12101,Phytochemical,interacts_with,,4780,Target
Gymnema sylvestre,SHD,contains_chemical,part:Leaf,CID_6365430,Phytochemical
Gymnema sylvestre,SHD,contains_chemical,part:Leaf,CID_284,Phytochemical
Enicostema axillare,SHD,contains_chemical,part:Whole Plant,CID_11005,Phytochemical
Enicostema axillare,SHD,contains_chemical,part:Whole Plant,CID_11636,Phytochemical
Enicostema axillare,SHD,contains_chemical,part:Whole Plant,CID_124034,Phytochemical
Enicostema axillare,SHD,contains_chemical,part:Whole Plant,CID_12409,Phytochemical
Enicostema axillare,SHD,contains_chemical,part:Whole Plant,CID_162350,Phytochemical
CID_162350,Phytochemical,interacts_with,,2548,Target
CID_162350,Phytochemical,interacts_with,,2778,Target
CID_162350,Phytochemical,interacts_with,,3417,Target
CID_162350,Phytochemical,interacts_with,,55775,Target
Enicostema axillare,SHD,contains_chemical,part:Whole Plant,CID_191120,Phytochemical
Enicostema axillare,SHD,contains_chemical,part:Whole Plant,CID_354616,Phytochemical
Enicostema axillare,SHD,contains_chemical,part:Whole Plant,CID_445639,Phytochemical
Enicostema axillare,SHD,contains_chemical,part:Whole Plant,CID_5280443,Phytochemical
CID_5280443,Phytochemical,interacts_with,,10013,Target
CID_5280443,Phytochemical,interacts_with,,10072,Target
CID_5280443,Phytochemical,interacts_with,,100861540,Target
CID_5280443,Phytochemical,interacts_with,,1017,Target
CID_5280443,Phytochemical,interacts_with,,1020,Target
CID_5280443,Phytochemical,interacts_with,,1021,Target
CID_5280443,Phytochemical,interacts_with,,10298,Target
CID_5280443,Phytochemical,interacts_with,,10494,Target
CID_5280443,Phytochemical,interacts_with,,10599,Target
CID_5280443,Phytochemical,interacts_with,,10645,Target
CID_5280443,Phytochemical,interacts_with,,106821730,Target
CID_5280443,Phytochemical,interacts_with,,10733,Target
CID_5280443,Phytochemical,interacts_with,,10783,Target
CID_5280443,Phytochemical,interacts_with,,1080,Target
CID_5280443,Phytochemical,interacts_with,,11040,Target
CID_5280443,Phytochemical,interacts_with,,1111,Target
CID_5280443,Phytochemical,interacts_with,,11183,Target
CID_5280443,Phytochemical,interacts_with,,11200,Target
CID_5280443,Phytochemical,interacts_with,,11201,Target
CID_5280443,Phytochemical,interacts_with,,11283,Target
CID_5280443,Phytochemical,interacts_with,,11309,Target
CID_5280443,Phytochemical,interacts_with,,11329,Target
CID_5280443,Phytochemical,interacts_with,,113612,Target
CID_5280443,Phytochemical,interacts_with,,114548,Target
CID_5280443,Phytochemical,interacts_with,,1195,Target
CID_5280443,Phytochemical,interacts_with,,1196,Target
CID_5280443,Phytochemical,interacts_with,,1198,Target
CID_5280443,Phytochemical,interacts_with,,120227,Target
CID_5280443,Phytochemical,interacts_with,,1244,Target
CID_5280443,Phytochemical,interacts_with,,140,Target
CID_5280443,Phytochemical,interacts_with,,142,Target
CID_5280443,Phytochemical,interacts_with,,1432,Target
CID_5280443,Phytochemical,interacts_with,,1445,Target
CID_5280443,Phytochemical,interacts_with,,1452,Target
CID_5280443,Phytochemical,interacts_with,,1453,Target
CID_5280443,Phytochemical,interacts_with,,1454,Target
CID_5280443,Phytochemical,interacts_with,,1455,Target
CID_5280443,Phytochemical,interacts_with,,1456,Target
CID_5280443,Phytochemical,interacts_with,,1457,Target
CID_5280443,Phytochemical,interacts_with,,1459,Target
CID_5280443,Phytochemical,interacts_with,,1460,Target
CID_5280443,Phytochemical,interacts_with,,1536,Target
CID_5280443,Phytochemical,interacts_with,,1543,Target
CID_5280443,Phytochemical,interacts_with,,1544,Target
CID_5280443,Phytochemical,interacts_with,,1545,Target
CID_5280443,Phytochemical,interacts_with,,1548,Target
CID_5280443,Phytochemical,interacts_with,,1549,Target
CID_5280443,Phytochemical,interacts_with,,1553,Target
CID_5280443,Phytochemical,interacts_with,,1555,Target
CID_5280443,Phytochemical,interacts_with,,1557,Target
CID_5280443,Phytochemical,interacts_with,,1558,Target
CID_5280443,Phytochemical,interacts_with,,1559,Target
CID_5280443,Phytochemical,interacts_with,,1562,Target
CID_5280443,Phytochemical,interacts_with,,1565,Target
CID_5280443,Phytochemical,interacts_with,,1571,Target
CID_5280443,Phytochemical,interacts_with,,1572,Target
CID_5280443,Phytochemical,interacts_with,,1573,Target
CID_5280443,Phytochemical,interacts_with,,1576,Target
CID_5280443,Phytochemical,interacts_with,,1577,Target
CID_5280443,Phytochemical,interacts_with,,1579,Target
CID_5280443,Phytochemical,interacts_with,,1580,Target
CID_5280443,Phytochemical,interacts_with,,1588,Target
CID_5280443,Phytochemical,interacts_with,,1612,Target
CID_5280443,Phytochemical,interacts_with,,1613,Target
CID_5280443,Phytochemical,interacts_with,,1760,Target
CID_5280443,Phytochemical,interacts_with,,1803,Target
CID_5280443,Phytochemical,interacts_with,,1859,Target
CID_5280443,Phytochemical,interacts_with,,1956,Target
CID_5280443,Phytochemical,interacts_with,,196,Target
CID_5280443,Phytochemical,interacts_with,,1991,Target
CID_5280443,Phytochemical,interacts_with,,207,Target
CID_5280443,Phytochemical,interacts_with,,2099,Target
CID_5280443,Phytochemical,interacts_with,,2100,Target
CID_5280443,Phytochemical,interacts_with,,216,Target
CID_5280443,Phytochemical,interacts_with,,2203,Target
CID_5280443,Phytochemical,interacts_with,,2237,Target
CID_5280443,Phytochemical,interacts_with,,2268,Target
CID_5280443,Phytochemical,interacts_with,,23043,Target
CID_5280443,Phytochemical,interacts_with,,231,Target
CID_5280443,Phytochemical,interacts_with,,2322,Target
CID_5280443,Phytochemical,interacts_with,,23621,Target
CID_5280443,Phytochemical,interacts_with,,240,Target
CID_5280443,Phytochemical,interacts_with,,246,Target
CID_5280443,Phytochemical,interacts_with,,253430,Target
CID_5280443,Phytochemical,interacts_with,,2554,Target
CID_5280443,Phytochemical,interacts_with,,2555,Target
CID_5280443,Phytochemical,interacts_with,,2556,Target
CID_5280443,Phytochemical,interacts_with,,2557,Target
CID_5280443,Phytochemical,interacts_with,,2558,Target
CID_5280443,Phytochemical,interacts_with,,2559,Target
CID_5280443,Phytochemical,interacts_with,,2560,Target
CID_5280443,Phytochemical,interacts_with,,2561,Target
CID_5280443,Phytochemical,interacts_with,,2562,Target
CID_5280443,Phytochemical,interacts_with,,2563,Target
CID_5280443,Phytochemical,interacts_with,,2564,Target
CID_5280443,Phytochemical,interacts_with,,2565,Target
CID_5280443,Phytochemical,interacts_with,,2566,Target
CID_5280443,Phytochemical,interacts_with,,2567,Target
CID_5280443,Phytochemical,interacts_with,,2568,Target
CID_5280443,Phytochemical,interacts_with,,25797,Target
CID_5280443,Phytochemical,interacts_with,,2629,Target
CID_5280443,Phytochemical,interacts_with,,2744,Target
CID_5280443,Phytochemical,interacts_with,,2770,Target
CID_5280443,Phytochemical,interacts_with,,28234,Target
CID_5280443,Phytochemical,interacts_with,,283106,Target
CID_5280443,Phytochemical,interacts_with,,284541,Target
CID_5280443,Phytochemical,interacts_with,,2872,Target
CID_5280443,Phytochemical,interacts_with,,2908,Target
CID_5280443,Phytochemical,interacts_with,,2931,Target
CID_5280443,Phytochemical,interacts_with,,2932,Target
CID_5280443,Phytochemical,interacts_with,,29785,Target
CID_5280443,Phytochemical,interacts_with,,3028,Target
CID_5280443,Phytochemical,interacts_with,,3043,Target
CID_5280443,Phytochemical,interacts_with,,3091,Target
CID_5280443,Phytochemical,interacts_with,,3248,Target
CID_5280443,Phytochemical,interacts_with,,328,Target
CID_5280443,Phytochemical,interacts_with,,3292,Target
CID_5280443,Phytochemical,interacts_with,,3293,Target
CID_5280443,Phytochemical,interacts_with,,3294,Target
CID_5280443,Phytochemical,interacts_with,,3309,Target
CID_5280443,Phytochemical,interacts_with,,3315,Target
CID_5280443,Phytochemical,interacts_with,,3417,Target
CID_5280443,Phytochemical,interacts_with,,351,Target
CID_5280443,Phytochemical,interacts_with,,3576,Target
CID_5280443,Phytochemical,interacts_with,,3643,Target
CID_5280443,Phytochemical,interacts_with,,367,Target
CID_5280443,Phytochemical,interacts_with,,3716,Target
CID_5280443,Phytochemical,interacts_with,,3725,Target
CID_5280443,Phytochemical,interacts_with,,3778,Target
CID_5280443,Phytochemical,interacts_with,,387129,Target
CID_5280443,Phytochemical,interacts_with,,390245,Target
CID_5280443,Phytochemical,interacts_with,,3932,Target
CID_5280443,Phytochemical,interacts_with,,4000,Target
CID_5280443,Phytochemical,interacts_with,,4051,Target
CID_5280443,Phytochemical,interacts_with,,4067,Target
CID_5280443,Phytochemical,interacts_with,,4088,Target
CID_5280443,Phytochemical,interacts_with,,410,Target
CID_5280443,Phytochemical,interacts_with,,4128,Target
CID_5280443,Phytochemical,interacts_with,,4129,Target
CID_5280443,Phytochemical,interacts_with,,4137,Target
CID_5280443,Phytochemical,interacts_with,,415116,Target
CID_5280443,Phytochemical,interacts_with,,4217,Target
CID_5280443,Phytochemical,interacts_with,,4297,Target
CID_5280443,Phytochemical,interacts_with,,43,Target
CID_5280443,Phytochemical,interacts_with,,4353,Target
CID_5280443,Phytochemical,interacts_with,,4363,Target
CID_5280443,Phytochemical,interacts_with,,4582,Target
CID_5280443,Phytochemical,interacts_with,,4653,Target
CID_5280443,Phytochemical,interacts_with,,4751,Target
CID_5280443,Phytochemical,interacts_with,,4759,Target
CID_5280443,Phytochemical,interacts_with,,4780,Target
CID_5280443,Phytochemical,interacts_with,,4790,Target
CID_5280443,Phytochemical,interacts_with,,4791,Target
CID_5280443,Phytochemical,interacts_with,,4864,Target
CID_5280443,Phytochemical,interacts_with,,4985,Target
CID_5280443,Phytochemical,interacts_with,,4986,Target
CID_5280443,Phytochemical,interacts_with,,4988,Target
CID_5280443,Phytochemical,interacts_with,,50507,Target
CID_5280443,Phytochemical,interacts_with,,51053,Target
CID_5280443,Phytochemical,interacts_with,,51231,Target
CID_5280443,Phytochemical,interacts_with,,5127,Target
CID_5280443,Phytochemical,interacts_with,,51426,Target
CID_5280443,Phytochemical,interacts_with,,51447,Target
CID_5280443,Phytochemical,interacts_with,,5163,Target
CID_5280443,Phytochemical,interacts_with,,5170,Target
CID_5280443,Phytochemical,interacts_with,,51765,Target
CID_5280443,Phytochemical,interacts_with,,5243,Target
CID_5280443,Phytochemical,interacts_with,,5292,Target
CID_5280443,Phytochemical,interacts_with,,5300,Target
CID_5280443,Phytochemical,interacts_with,,5315,Target
CID_5280443,Phytochemical,interacts_with,,5347,Target
CID_5280443,Phytochemical,interacts_with,,5376,Target
CID_5280443,Phytochemical,interacts_with,,53944,Target
CID_5280443,Phytochemical,interacts_with,,5406,Target
CID_5280443,Phytochemical,interacts_with,,5429,Target
CID_5280443,Phytochemical,interacts_with,,5444,Target
CID_5280443,Phytochemical,interacts_with,,54575,Target
CID_5280443,Phytochemical,interacts_with,,54576,Target
CID_5280443,Phytochemical,interacts_with,,5465,Target
CID_5280443,Phytochemical,interacts_with,,54657,Target
CID_5280443,Phytochemical,interacts_with,,54658,Target
CID_5280443,Phytochemical,interacts_with,,54659,Target
CID_5280443,Phytochemical,interacts_with,,5467,Target
CID_5280443,Phytochemical,interacts_with,,5468,Target
CID_5280443,Phytochemical,interacts_with,,54737,Target
CID_5280443,Phytochemical,interacts_with,,54905,Target
CID_5280443,Phytochemical,interacts_with,,5563,Target
CID_5280443,Phytochemical,interacts_with,,5566,Target
CID_5280443,Phytochemical,interacts_with,,5567,Target
CID_5280443,Phytochemical,interacts_with,,5568,Target
CID_5280443,Phytochemical,interacts_with,,55775,Target
CID_5280443,Phytochemical,interacts_with,,5578,Target
CID_5280443,Phytochemical,interacts_with,,55781,Target
CID_5280443,Phytochemical,interacts_with,,55872,Target
CID_5280443,Phytochemical,interacts_with,,55879,Target
CID_5280443,Phytochemical,interacts_with,,5594,Target
CID_5280443,Phytochemical,interacts_with,,5595,Target
CID_5280443,Phytochemical,interacts_with,,5597,Target
CID_5280443,Phytochemical,interacts_with,,5599,Target
CID_5280443,Phytochemical,interacts_with,,5600,Target
CID_5280443,Phytochemical,interacts_with,,5601,Target
CID_5280443,Phytochemical,interacts_with,,5602,Target
CID_5280443,Phytochemical,interacts_with,,5603,Target
CID_5280443,Phytochemical,interacts_with,,5604,Target
CID_5280443,Phytochemical,interacts_with,,5605,Target
CID_5280443,Phytochemical,interacts_with,,5608,Target
CID_5280443,Phytochemical,interacts_with,,56924,Target
CID_5280443,Phytochemical,interacts_with,,5693,Target
CID_5280443,Phytochemical,interacts_with,,57016,Target
CID_5280443,Phytochemical,interacts_with,,57118,Target
CID_5280443,Phytochemical,interacts_with,,57144,Target
CID_5280443,Phytochemical,interacts_with,,57172,Target
CID_5280443,Phytochemical,interacts_with,,5742,Target
CID_5280443,Phytochemical,interacts_with,,5743,Target
CID_5280443,Phytochemical,interacts_with,,5745,Target
CID_5280443,Phytochemical,interacts_with,,5770,Target
CID_5280443,Phytochemical,interacts_with,,590,Target
CID_5280443,Phytochemical,interacts_with,,5970,Target
CID_5280443,Phytochemical,interacts_with,,5999,Target
CID_5280443,Phytochemical,interacts_with,,6002,Target
CID_5280443,Phytochemical,interacts_with,,6097,Target
CID_5280443,Phytochemical,interacts_with,,6195,Target
CID_5280443,Phytochemical,interacts_with,,6197,Target
CID_5280443,Phytochemical,interacts_with,,6198,Target
CID_5280443,Phytochemical,interacts_with,,6256,Target
CID_5280443,Phytochemical,interacts_with,,6300,Target
CID_5280443,Phytochemical,interacts_with,,6311,Target
CID_5280443,Phytochemical,interacts_with,,6446,Target
CID_5280443,Phytochemical,interacts_with,,64816,Target
CID_5280443,Phytochemical,interacts_with,,6495,Target
CID_5280443,Phytochemical,interacts_with,,6580,Target
CID_5280443,Phytochemical,interacts_with,,6582,Target
CID_5280443,Phytochemical,interacts_with,,6606,Target
CID_5280443,Phytochemical,interacts_with,,672,Target
CID_5280443,Phytochemical,interacts_with,,6789,Target
CID_5280443,Phytochemical,interacts_with,,6793,Target
CID_5280443,Phytochemical,interacts_with,,6850,Target
CID_5280443,Phytochemical,interacts_with,,7066,Target
CID_5280443,Phytochemical,interacts_with,,7068,Target
CID_5280443,Phytochemical,interacts_with,,7153,Target
CID_5280443,Phytochemical,interacts_with,,7155,Target
CID_5280443,Phytochemical,interacts_with,,7157,Target
CID_5280443,Phytochemical,interacts_with,,7224,Target
CID_5280443,Phytochemical,interacts_with,,7253,Target
CID_5280443,Phytochemical,interacts_with,,7276,Target
CID_5280443,Phytochemical,interacts_with,,7366,Target
CID_5280443,Phytochemical,interacts_with,,7398,Target
CID_5280443,Phytochemical,interacts_with,,7421,Target
CID_5280443,Phytochemical,interacts_with,,7443,Target
CID_5280443,Phytochemical,interacts_with,,7444,Target
CID_5280443,Phytochemical,interacts_with,,7498,Target
CID_5280443,Phytochemical,interacts_with,,759,Target
CID_5280443,Phytochemical,interacts_with,,760,Target
CID_5280443,Phytochemical,interacts_with,,762,Target
CID_5280443,Phytochemical,interacts_with,,79915,Target
CID_5280443,Phytochemical,interacts_with,,80351,Target
CID_5280443,Phytochemical,interacts_with,,814,Target
CID_5280443,Phytochemical,interacts_with,,815,Target
CID_5280443,Phytochemical,interacts_with,,816,Target
CID_5280443,Phytochemical,interacts_with,,817,Target
CID_5280443,Phytochemical,interacts_with,,818,Target
CID_5280443,Phytochemical,interacts_with,,8529,Target
CID_5280443,Phytochemical,interacts_with,,85417,Target
CID_5280443,Phytochemical,interacts_with,,8550,Target
CID_5280443,Phytochemical,interacts_with,,8576,Target
CID_5280443,Phytochemical,interacts_with,,865,Target
CID_5280443,Phytochemical,interacts_with,,8654,Target
CID_5280443,Phytochemical,interacts_with,,8658,Target
CID_5280443,Phytochemical,interacts_with,,8814,Target
CID_5280443,Phytochemical,interacts_with,,8851,Target
CID_5280443,Phytochemical,interacts_with,,891,Target
CID_5280443,Phytochemical,interacts_with,,9099,Target
CID_5280443,Phytochemical,interacts_with,,9133,Target
CID_5280443,Phytochemical,interacts_with,,9212,Target
CID_5280443,Phytochemical,interacts_with,,9252,Target
CID_5280443,Phytochemical,interacts_with,,9261,Target
CID_5280443,Phytochemical,interacts_with,,9263,Target
CID_5280443,Phytochemical,interacts_with,,9429,Target
CID_5280443,Phytochemical,interacts_with,,9475,Target
CID_5280443,Phytochemical,interacts_with,,9748,Target
CID_5280443,Phytochemical,interacts_with,,983,Target
CID_5280443,Phytochemical,interacts_with,,9943,Target
CID_5280443,Phytochemical,interacts_with,,9971,Target
Enicostema axillare,SHD,contains_chemical,part:Whole Plant,CID_5281,Phytochemical
Enicostema axillare,SHD,contains_chemical,part:Whole Plant,CID_5281564,Phytochemical
Enicostema axillare,SHD,contains_chemical,part:Whole Plant,CID_5281617,Phytochemical
CID_5281617,Phytochemical,interacts_with,,10599,Target
CID_5281617,Phytochemical,interacts_with,,1543,Target
CID_5281617,Phytochemical,interacts_with,,1545,Target
CID_5281617,Phytochemical,interacts_with,,2322,Target
CID_5281617,Phytochemical,interacts_with,,253430,Target
CID_5281617,Phytochemical,interacts_with,,276,Target
CID_5281617,Phytochemical,interacts_with,,28234,Target
CID_5281617,Phytochemical,interacts_with,,2872,Target
CID_5281617,Phytochemical,interacts_with,,3932,Target
CID_5281617,Phytochemical,interacts_with,,4759,Target
CID_5281617,Phytochemical,interacts_with,,51447,Target
CID_5281617,Phytochemical,interacts_with,,5163,Target
Enicostema axillare,SHD,contains_chemical,part:Whole Plant,CID_68171,Phytochemical
Enicostema axillare,SHD,contains_chemical,part:Whole Plant,CID_72326,Phytochemical
Enicostema axillare,SHD,contains_chemical,part:Whole Plant,CAS_22108-77-6,Phytochemical
Tecomella undulata,SHD,contains_chemical,part:Bark,CID_222284,Phytochemical
Tecomella undulata,SHD,contains_chemical,part:Bark,CID_68972,Phytochemical
Tecomella undulata,SHD,contains_chemical,part:Bark,CID_12309055,Phytochemical
Tecomella undulata,SHD,contains_chemical,part:Bark,CID_5742590,Phytochemical
Tecomella undulata,SHD,contains_chemical,part:Bark,CID_68406,Phytochemical
CID_68406,Phytochemical,interacts_with,,10013,Target
Tecomella undulata,SHD,contains_chemical,part:Bark,CID_12409,Phytochemical
Tecomella undulata,SHD,contains_chemical,part:Bark,CID_12535,Phytochemical
Tecomella undulata,SHD,contains_chemical,part:Bark,CID_3884,Phytochemical
Tecomella undulata,SHD,contains_chemical,part:Bark,CID_11636,Phytochemical
Tecomella undulata,SHD,contains_chemical,part:Bark,CID_445858,Phytochemical
Tecomella undulata,SHD,contains_chemical,part:Bark,CID_7121,Phytochemical
CID_7121,Phytochemical,interacts_with,,10599,Target
CID_7121,Phytochemical,interacts_with,,23632,Target
CID_7121,Phytochemical,interacts_with,,259285,Target
CID_7121,Phytochemical,interacts_with,,28234,Target
CID_7121,Phytochemical,interacts_with,,4088,Target
CID_7121,Phytochemical,interacts_with,,7172,Target
CID_7121,Phytochemical,interacts_with,,759,Target
CID_7121,Phytochemical,interacts_with,,760,Target
CID_7121,Phytochemical,interacts_with,,762,Target
CID_7121,Phytochemical,interacts_with,,765,Target
CID_7121,Phytochemical,interacts_with,,766,Target
CID_7121,Phytochemical,interacts_with,,768,Target
CID_7121,Phytochemical,interacts_with,,771,Target
Tecomella undulata,SHD,contains_chemical,part:Bark,CID_3037329,Phytochemical
Tecomella undulata,SHD,contains_chemical,part:Bark,CID_5321494,Phytochemical
Tecomella undulata,SHD,contains_chemical,part:Bark,Tecomin,Phytochemical
Glimepiride,FDA approved drug,affects,,6833,Target
Glimepiride,FDA approved drug,treats,,Type 2 Diabetes,Disease
6833,Target,corresponds_to,,Type 2 Diabetes,Disease
Glimepiride,FDA approved drug,affects,,3767,Target
3767,Target,corresponds_to,,Type 2 Diabetes,Disease
Glimepiride,FDA approved drug,affects,,10060,Target
10060,Target,corresponds_to,,Type 2 Diabetes,Disease
Metformin,FDA approved drug,affects,,4728,Target
Metformin,FDA approved drug,treats,,Type 2 Diabetes,Disease
4728,Target,corresponds_to,,Type 2 Diabetes,Disease
Metformin,FDA approved drug,affects,,4697,Target
4697,Target,corresponds_to,,Type 2 Diabetes,Disease
Metformin,FDA approved drug,affects,,4706,Target
4706,Target,corresponds_to,,Type 2 Diabetes,Disease
Metformin,FDA approved drug,affects,,4694,Target
4694,Target,corresponds_to,,Type 2 Diabetes,Disease
Metformin,FDA approved drug,affects,,4724,Target
4724,Target,corresponds_to,,Type 2 Diabetes,Disease
Metformin,FDA approved drug,affects,,4711,Target
4711,Target,corresponds_to,,Type 2 Diabetes,Disease
Metformin,FDA approved drug,affects,,4709,Target
4709,Target,corresponds_to,,Type 2 Diabetes,Disease
Metformin,FDA approved drug,affects,,4717,Target
4717,Target,corresponds_to,,Type 2 Diabetes,Disease
Metformin,FDA approved drug,affects,,4695,Target
4695,Target,corresponds_to,,Type 2 Diabetes,Disease
Metformin,FDA approved drug,affects,,4725,Target
4725,Target,corresponds_to,,Type 2 Diabetes,Disease
Metformin,FDA approved drug,affects,,374291,Target
374291,Target,corresponds_to,,Type 2 Diabetes,Disease
Metformin,FDA approved drug,affects,,4720,Target
4720,Target,corresponds_to,,Type 2 Diabetes,Disease
Metformin,FDA approved drug,affects,,4726,Target
4726,Target,corresponds_to,,Type 2 Diabetes,Disease
Metformin,FDA approved drug,affects,,4707,Target
4707,Target,corresponds_to,,Type 2 Diabetes,Disease
Metformin,FDA approved drug,affects,,4722,Target
4722,Target,corresponds_to,,Type 2 Diabetes,Disease
Metformin,FDA approved drug,affects,,4712,Target
4712,Target,corresponds_to,,Type 2 Diabetes,Disease
Metformin,FDA approved drug,affects,,4696,Target
4696,Target,corresponds_to,,Type 2 Diabetes,Disease
Metformin,FDA approved drug,affects,,4710,Target
4710,Target,corresponds_to,,Type 2 Diabetes,Disease
Metformin,FDA approved drug,affects,,4714,Target
4714,Target,corresponds_to,,Type 2 Diabetes,Disease
Metformin,FDA approved drug,affects,,4708,Target
4708,Target,corresponds_to,,Type 2 Diabetes,Disease
Metformin,FDA approved drug,affects,,4701,Target
4701,Target,corresponds_to,,Type 2 Diabetes,Disease
Metformin,FDA approved drug,affects,,4718,Target
4718,Target,corresponds_to,,Type 2 Diabetes,Disease
Metformin,FDA approved drug,affects,,4705,Target
4705,Target,corresponds_to,,Type 2 Diabetes,Disease
Metformin,FDA approved drug,affects,,4716,Target
4716,Target,corresponds_to,,Type 2 Diabetes,Disease
Metformin,FDA approved drug,affects,,4535,Target
4535,Target,corresponds_to,,Type 2 Diabetes,Disease
Metformin,FDA approved drug,affects,,4536,Target
4536,Target,corresponds_to,,Type 2 Diabetes,Disease
Metformin,FDA approved drug,affects,,4537,Target
4537,Target,corresponds_to,,Type 2 Diabetes,Disease
Metformin,FDA approved drug,affects,,4539,Target
4539,Target,corresponds_to,,Type 2 Diabetes,Disease
Metformin,FDA approved drug,affects,,4538,Target
4538,Target,corresponds_to,,Type 2 Diabetes,Disease
Metformin,FDA approved drug,affects,,4540,Target
4540,Target,corresponds_to,,Type 2 Diabetes,Disease
Metformin,FDA approved drug,affects,,4541,Target
4541,Target,corresponds_to,,Type 2 Diabetes,Disease
Metformin,FDA approved drug,affects,,4713,Target
4713,Target,corresponds_to,,Type 2 Diabetes,Disease
Metformin,FDA approved drug,affects,,4729,Target
4729,Target,corresponds_to,,Type 2 Diabetes,Disease
Metformin,FDA approved drug,affects,,4719,Target
4719,Target,corresponds_to,,Type 2 Diabetes,Disease
Metformin,FDA approved drug,affects,,4723,Target
4723,Target,corresponds_to,,Type 2 Diabetes,Disease
Metformin,FDA approved drug,affects,,4702,Target
4702,Target,corresponds_to,,Type 2 Diabetes,Disease
Metformin,FDA approved drug,affects,,4731,Target
4731,Target,corresponds_to,,Type 2 Diabetes,Disease
Metformin,FDA approved drug,affects,,4700,Target
4700,Target,corresponds_to,,Type 2 Diabetes,Disease
Metformin,FDA approved drug,affects,,4698,Target
4698,Target,corresponds_to,,Type 2 Diabetes,Disease
Metformin,FDA approved drug,affects,,4704,Target
4704,Target,corresponds_to,,Type 2 Diabetes,Disease
Metformin,FDA approved drug,affects,,126328,Target
126328,Target,corresponds_to,,Type 2 Diabetes,Disease
Metformin,FDA approved drug,affects,,91942,Target
91942,Target,corresponds_to,,Type 2 Diabetes,Disease
Metformin,FDA approved drug,affects,,25915,Target
25915,Target,corresponds_to,,Type 2 Diabetes,Disease
Metformin,FDA approved drug,affects,,56901,Target
56901,Target,corresponds_to,,Type 2 Diabetes,Disease
Metformin,FDA approved drug,affects,,54539,Target
54539,Target,corresponds_to,,Type 2 Diabetes,Disease
Metformin,FDA approved drug,affects,,29078,Target
29078,Target,corresponds_to,,Type 2 Diabetes,Disease
Metformin,FDA approved drug,affects,,51079,Target
51079,Target,corresponds_to,,Type 2 Diabetes,Disease
Metformin,FDA approved drug,affects,,55967,Target
55967,Target,corresponds_to,,Type 2 Diabetes,Disease
Metformin,FDA approved drug,affects,,51103,Target
51103,Target,corresponds_to,,Type 2 Diabetes,Disease
Metformin,FDA approved drug,affects,,4715,Target
4715,Target,corresponds_to,,Type 2 Diabetes,Disease
Miglitol,FDA approved drug,affects,,2548,Target
Miglitol,FDA approved drug,treats,,Type 2 Diabetes,Disease
2548,Target,corresponds_to,,Type 2 Diabetes,Disease
Miglitol,FDA approved drug,affects,,8972,Target
8972,Target,corresponds_to,,Type 2 Diabetes,Disease
Nateglinide,FDA approved drug,affects,,6833,Target
Nateglinide,FDA approved drug,treats,,Type 2 Diabetes,Disease
Nateglinide,FDA approved drug,affects,,3767,Target
Tolazamide,FDA approved drug,affects,,6833,Target
Tolazamide,FDA approved drug,treats,,Type 2 Diabetes,Disease
Tolazamide,FDA approved drug,affects,,3767,Target
Repaglinide,FDA approved drug,affects,,6833,Target
Repaglinide,FDA approved drug,treats,,Type 2 Diabetes,Disease
Repaglinide,FDA approved drug,affects,,3767,Target
Glyburide,FDA approved drug,affects,,6833,Target
Glyburide,FDA approved drug,treats,,Type 2 Diabetes,Disease
Glyburide,FDA approved drug,affects,,3767,Target
Glipizide,FDA approved drug,affects,,6833,Target
Glipizide,FDA approved drug,treats,,Type 2 Diabetes,Disease
Glipizide,FDA approved drug,affects,,3767,Target
Pioglitazone,FDA approved drug,affects,,5468,Target
Pioglitazone,FDA approved drug,treats,,Type 2 Diabetes,Disease
5468,Target,corresponds_to,,Type 2 Diabetes,Disease
Gliquidone,FDA approved drug,affects,,6833,Target
Gliquidone,FDA approved drug,treats,,Type 2 Diabetes,Disease
Gliquidone,FDA approved drug,affects,,3767,Target
Sitagliptin,FDA approved drug,affects,,1803,Target
Sitagliptin,FDA approved drug,treats,,Type 2 Diabetes,Disease
1803,Target,corresponds_to,,Type 2 Diabetes,Disease
Vildagliptin,FDA approved drug,affects,,1803,Target
Vildagliptin,FDA approved drug,treats,,Type 2 Diabetes,Disease
Alogliptin,FDA approved drug,affects,,1803,Target
Alogliptin,FDA approved drug,treats,,Type 2 Diabetes,Disease
Dapagliflozin,FDA approved drug,affects,,6524,Target
Dapagliflozin,FDA approved drug,treats,,Type 2 Diabetes,Disease
6524,Target,corresponds_to,,Type 2 Diabetes,Disease
Saxagliptin,FDA approved drug,affects,,1803,Target
Saxagliptin,FDA approved drug,treats,,Type 2 Diabetes,Disease
Linagliptin,FDA approved drug,affects,,1803,Target
Linagliptin,FDA approved drug,treats,,Type 2 Diabetes,Disease
Canagliflozin,FDA approved drug,affects,,6524,Target
Canagliflozin,FDA approved drug,treats,,Type 2 Diabetes,Disease
Empagliflozin,FDA approved drug,affects,,6524,Target
Empagliflozin,FDA approved drug,treats,,Type 2 Diabetes,Disease
Ertugliflozin,FDA approved drug,affects,,6524,Target
Ertugliflozin,FDA approved drug,treats,,Type 2 Diabetes,Disease
Bexagliflozin,FDA approved drug,affects,,6524,Target
Bexagliflozin,FDA approved drug,treats,,Type 2 Diabetes,Disease
Sotagliflozin,FDA approved drug,affects,,6524,Target
Sotagliflozin,FDA approved drug,treats,,Type 2 Diabetes,Disease
Sotagliflozin,FDA approved drug,affects,,6523,Target
6523,Target,corresponds_to,,Type 2 Diabetes,Disease
Amphetamine,FDA approved drug,affects,,6530,Target
Amphetamine,FDA approved drug,treats,,Obesity,Disease
6530,Target,corresponds_to,,Obesity,Disease
Amphetamine,FDA approved drug,affects,,6531,Target
6531,Target,corresponds_to,,Obesity,Disease
Amphetamine,FDA approved drug,affects,,134864,Target
134864,Target,corresponds_to,,Obesity,Disease
Phentermine,FDA approved drug,affects,,6530,Target
Phentermine,FDA approved drug,treats,,Obesity,Disease
Benzphetamine,FDA approved drug,affects,,6530,Target
Benzphetamine,FDA approved drug,treats,,Obesity,Disease
Benzphetamine,FDA approved drug,affects,,6571,Target
6571,Target,corresponds_to,,Obesity,Disease
Diethylpropion,FDA approved drug,affects,,6530,Target
Diethylpropion,FDA approved drug,treats,,Obesity,Disease
Diethylpropion,FDA approved drug,affects,,6531,Target
Orlistat,FDA approved drug,affects,,8513,Target
Orlistat,FDA approved drug,treats,,Obesity,Disease
8513,Target,corresponds_to,,Obesity,Disease
Orlistat,FDA approved drug,affects,,5406,Target
5406,Target,corresponds_to,,Obesity,Disease
Orlistat,FDA approved drug,affects,,2194,Target
2194,Target,corresponds_to,,Obesity,Disease
Metamfetamine,FDA approved drug,affects,,6531,Target
Metamfetamine,FDA approved drug,treats,,Obesity,Disease
Phendimetrazine,FDA approved drug,affects,,6530,Target
Phendimetrazine,FDA approved drug,treats,,Obesity,Disease
Phendimetrazine,FDA approved drug,affects,,6531,Target
Metformin,FDA approved drug,affects,,32,Target
32,Target,corresponds_to,,Type 2 Diabetes,Disease
Metformin,FDA approved drug,affects,,55244,Target
55244,Target,corresponds_to,,Type 2 Diabetes,Disease
Metformin,FDA approved drug,affects,,3643,Target
3643,Target,corresponds_to,,Type 2 Diabetes,Disease
Orlistat,FDA approved drug,affects,,56144,Target
56144,Target,corresponds_to,,Obesity,Disease
Phendimetrazine,FDA approved drug,affects,,147,Target
147,Target,corresponds_to,,Obesity,Disease
Semaglutide,FDA approved drug,affects,,2740,Target
Semaglutide,FDA approved drug,treats,,Type 2 Diabetes,Disease
2740,Target,corresponds_to,,Type 2 Diabetes,Disease
Setmelanotide,FDA approved drug,affects,,4160,Target
Setmelanotide,FDA approved drug,treats,,Obesity,Disease
4160,Target,corresponds_to,,Obesity,Disease
Pramlintide,FDA approved drug,affects,,2740,Target
Pramlintide,FDA approved drug,treats,,Type 2 Diabetes,Disease
Tirzepatide,FDA approved drug,affects,,2740,Target
Tirzepatide,FDA approved drug,treats,,Type 2 Diabetes,Disease
10135,Target,corresponds_to,,Obesity,Disease
109,Target,corresponds_to,,Obesity,Disease
1268,Target,corresponds_to,,Obesity,Disease
1363,Target,corresponds_to,,Obesity,Disease
1401,Target,corresponds_to,,Obesity,Disease
155,Target,corresponds_to,,Obesity,Disease
181,Target,corresponds_to,,Obesity,Disease
2641,Target,corresponds_to,,Obesity,Disease
27125,Target,corresponds_to,,Obesity,Disease
2778,Target,corresponds_to,,Obesity,Disease
348,Target,corresponds_to,,Obesity,Disease
3569,Target,corresponds_to,,Obesity,Disease
3630,Target,corresponds_to,,Obesity,Disease
3667,Target,corresponds_to,,Obesity,Disease
3952,Target,corresponds_to,,Obesity,Disease
3953,Target,corresponds_to,,Obesity,Disease
4023,Target,corresponds_to,,Obesity,Disease
4915,Target,corresponds_to,,Obesity,Disease
5054,Target,corresponds_to,,Obesity,Disease
5122,Target,corresponds_to,,Obesity,Disease
5167,Target,corresponds_to,,Obesity,Disease
51738,Target,corresponds_to,,Obesity,Disease
5346,Target,corresponds_to,,Obesity,Disease
5443,Target,corresponds_to,,Obesity,Disease
5468,Target,corresponds_to,,Obesity,Disease
56623,Target,corresponds_to,,Obesity,Disease
5697,Target,corresponds_to,,Obesity,Disease
5770,Target,corresponds_to,,Obesity,Disease
6347,Target,corresponds_to,,Obesity,Disease
6720,Target,corresponds_to,,Obesity,Disease
7124,Target,corresponds_to,,Obesity,Disease
7350,Target,corresponds_to,,Obesity,Disease
7351,Target,corresponds_to,,Obesity,Disease
7352,Target,corresponds_to,,Obesity,Disease
79068,Target,corresponds_to,,Obesity,Disease
8431,Target,corresponds_to,,Obesity,Disease
9370,Target,corresponds_to,,Obesity,Disease
9607,Target,corresponds_to,,Obesity,Disease
1050,Target,corresponds_to,,Obesity,Disease
11254,Target,corresponds_to,,Obesity,Disease
1149,Target,corresponds_to,,Obesity,Disease
133522,Target,corresponds_to,,Obesity,Disease
154,Target,corresponds_to,,Obesity,Disease
207,Target,corresponds_to,,Obesity,Disease
2099,Target,corresponds_to,,Obesity,Disease
23411,Target,corresponds_to,,Obesity,Disease
25970,Target,corresponds_to,,Obesity,Disease
26291,Target,corresponds_to,,Obesity,Disease
2688,Target,corresponds_to,,Obesity,Disease
2740,Target,corresponds_to,,Obesity,Disease
3060,Target,corresponds_to,,Obesity,Disease
3290,Target,corresponds_to,,Obesity,Disease
3383,Target,corresponds_to,,Obesity,Disease
364,Target,corresponds_to,,Obesity,Disease
3949,Target,corresponds_to,,Obesity,Disease
5465,Target,corresponds_to,,Obesity,Disease
5467,Target,corresponds_to,,Obesity,Disease
5573,Target,corresponds_to,,Obesity,Disease
56729,Target,corresponds_to,,Obesity,Disease
583,Target,corresponds_to,,Obesity,Disease
585,Target,corresponds_to,,Obesity,Disease
627,Target,corresponds_to,,Obesity,Disease
6648,Target,corresponds_to,,Obesity,Disease
6774,Target,corresponds_to,,Obesity,Disease
8195,Target,corresponds_to,,Obesity,Disease
9672,Target,corresponds_to,,Obesity,Disease
10059,Target,corresponds_to,,Obesity,Disease
10411,Target,corresponds_to,,Obesity,Disease
1066,Target,corresponds_to,,Obesity,Disease
10726,Target,corresponds_to,,Obesity,Disease
10743,Target,corresponds_to,,Obesity,Disease
10806,Target,corresponds_to,,Obesity,Disease
10840,Target,corresponds_to,,Obesity,Disease
10891,Target,corresponds_to,,Obesity,Disease
112609,Target,corresponds_to,,Obesity,Disease
114294,Target,corresponds_to,,Obesity,Disease
123016,Target,corresponds_to,,Obesity,Disease
129787,Target,corresponds_to,,Obesity,Disease
129880,Target,corresponds_to,,Obesity,Disease
1312,Target,corresponds_to,,Obesity,Disease
132789,Target,corresponds_to,,Obesity,Disease
1350,Target,corresponds_to,,Obesity,Disease
1361,Target,corresponds_to,,Obesity,Disease
142,Target,corresponds_to,,Obesity,Disease
1431,Target,corresponds_to,,Obesity,Disease
1489,Target,corresponds_to,,Obesity,Disease
151742,Target,corresponds_to,,Obesity,Disease
1520,Target,corresponds_to,,Obesity,Disease
1528,Target,corresponds_to,,Obesity,Disease
153,Target,corresponds_to,,Obesity,Disease
1545,Target,corresponds_to,,Obesity,Disease
1571,Target,corresponds_to,,Obesity,Disease
157657,Target,corresponds_to,,Obesity,Disease
157680,Target,corresponds_to,,Obesity,Disease
1636,Target,corresponds_to,,Obesity,Disease
1649,Target,corresponds_to,,Obesity,Disease
166379,Target,corresponds_to,,Obesity,Disease
169841,Target,corresponds_to,,Obesity,Disease
1728,Target,corresponds_to,,Obesity,Disease
1788,Target,corresponds_to,,Obesity,Disease
1806,Target,corresponds_to,,Obesity,Disease
183,Target,corresponds_to,,Obesity,Disease
1892,Target,corresponds_to,,Obesity,Disease
1947,Target,corresponds_to,,Obesity,Disease
196,Target,corresponds_to,,Obesity,Disease
2033,Target,corresponds_to,,Obesity,Disease
2110,Target,corresponds_to,,Obesity,Disease
2147,Target,corresponds_to,,Obesity,Disease
2166,Target,corresponds_to,,Obesity,Disease
2180,Target,corresponds_to,,Obesity,Disease
23011,Target,corresponds_to,,Obesity,Disease
2309,Target,corresponds_to,,Obesity,Disease
23216,Target,corresponds_to,,Obesity,Disease
23217,Target,corresponds_to,,Obesity,Disease
23410,Target,corresponds_to,,Obesity,Disease
2353,Target,corresponds_to,,Obesity,Disease
23788,Target,corresponds_to,,Obesity,Disease
2512,Target,corresponds_to,,Obesity,Disease
252995,Target,corresponds_to,,Obesity,Disease
257194,Target,corresponds_to,,Obesity,Disease
2673,Target,corresponds_to,,Obesity,Disease
2695,Target,corresponds_to,,Obesity,Disease
27241,Target,corresponds_to,,Obesity,Disease
2731,Target,corresponds_to,,Obesity,Disease
2752,Target,corresponds_to,,Obesity,Disease
2784,Target,corresponds_to,,Obesity,Disease
283455,Target,corresponds_to,,Obesity,Disease
2840,Target,corresponds_to,,Obesity,Disease
2876,Target,corresponds_to,,Obesity,Disease
2878,Target,corresponds_to,,Obesity,Disease
2908,Target,corresponds_to,,Obesity,Disease
3033,Target,corresponds_to,,Obesity,Disease
3099,Target,corresponds_to,,Obesity,Disease
3148,Target,corresponds_to,,Obesity,Disease
3162,Target,corresponds_to,,Obesity,Disease
32,Target,corresponds_to,,Obesity,Disease
3215,Target,corresponds_to,,Obesity,Disease
3291,Target,corresponds_to,,Obesity,Disease
3309,Target,corresponds_to,,Obesity,Disease
3356,Target,corresponds_to,,Obesity,Disease
3358,Target,corresponds_to,,Obesity,Disease
338,Target,corresponds_to,,Obesity,Disease
34,Target,corresponds_to,,Obesity,Disease
3479,Target,corresponds_to,,Obesity,Disease
3481,Target,corresponds_to,,Obesity,Disease
3485,Target,corresponds_to,,Obesity,Disease
3553,Target,corresponds_to,,Obesity,Disease
3574,Target,corresponds_to,,Obesity,Disease
3620,Target,corresponds_to,,Obesity,Disease
3636,Target,corresponds_to,,Obesity,Disease
3643,Target,corresponds_to,,Obesity,Disease
3684,Target,corresponds_to,,Obesity,Disease
3778,Target,corresponds_to,,Obesity,Disease
3929,Target,corresponds_to,,Obesity,Disease
412,Target,corresponds_to,,Obesity,Disease
4159,Target,corresponds_to,,Obesity,Disease
4199,Target,corresponds_to,,Obesity,Disease
43,Target,corresponds_to,,Obesity,Disease
4318,Target,corresponds_to,,Obesity,Disease
4329,Target,corresponds_to,,Obesity,Disease
434,Target,corresponds_to,,Obesity,Disease
4360,Target,corresponds_to,,Obesity,Disease
4547,Target,corresponds_to,,Obesity,Disease
4594,Target,corresponds_to,,Obesity,Disease
463,Target,corresponds_to,,Obesity,Disease
47,Target,corresponds_to,,Obesity,Disease
4808,Target,corresponds_to,,Obesity,Disease
4852,Target,corresponds_to,,Obesity,Disease
4864,Target,corresponds_to,,Obesity,Disease
4886,Target,corresponds_to,,Obesity,Disease
4889,Target,corresponds_to,,Obesity,Disease
4968,Target,corresponds_to,,Obesity,Disease
51043,Target,corresponds_to,,Obesity,Disease
5105,Target,corresponds_to,,Obesity,Disease
51094,Target,corresponds_to,,Obesity,Disease
51129,Target,corresponds_to,,Obesity,Disease
51181,Target,corresponds_to,,Obesity,Disease
5209,Target,corresponds_to,,Obesity,Disease
5290,Target,corresponds_to,,Obesity,Disease
5367,Target,corresponds_to,,Obesity,Disease
54,Target,corresponds_to,,Obesity,Disease
54205,Target,corresponds_to,,Obesity,Disease
54496,Target,corresponds_to,,Obesity,Disease
54551,Target,corresponds_to,,Obesity,Disease
54585,Target,corresponds_to,,Obesity,Disease
54901,Target,corresponds_to,,Obesity,Disease
55212,Target,corresponds_to,,Obesity,Disease
55277,Target,corresponds_to,,Obesity,Disease
55690,Target,corresponds_to,,Obesity,Disease
5577,Target,corresponds_to,,Obesity,Disease
5583,Target,corresponds_to,,Obesity,Disease
56603,Target,corresponds_to,,Obesity,Disease
57104,Target,corresponds_to,,Obesity,Disease
5743,Target,corresponds_to,,Obesity,Disease
57498,Target,corresponds_to,,Obesity,Disease
582,Target,corresponds_to,,Obesity,Disease
590,Target,corresponds_to,,Obesity,Disease
5919,Target,corresponds_to,,Obesity,Disease
6303,Target,corresponds_to,,Obesity,Disease
6319,Target,corresponds_to,,Obesity,Disease
6462,Target,corresponds_to,,Obesity,Disease
64756,Target,corresponds_to,,Obesity,Disease
6492,Target,corresponds_to,,Obesity,Disease
6517,Target,corresponds_to,,Obesity,Disease
6580,Target,corresponds_to,,Obesity,Disease
6581,Target,corresponds_to,,Obesity,Disease
6582,Target,corresponds_to,,Obesity,Disease
6647,Target,corresponds_to,,Obesity,Disease
7018,Target,corresponds_to,,Obesity,Disease
7037,Target,corresponds_to,,Obesity,Disease
7133,Target,corresponds_to,,Obesity,Disease
7275,Target,corresponds_to,,Obesity,Disease
7385,Target,corresponds_to,,Obesity,Disease
7425,Target,corresponds_to,,Obesity,Disease
7436,Target,corresponds_to,,Obesity,Disease
7442,Target,corresponds_to,,Obesity,Disease
761,Target,corresponds_to,,Obesity,Disease
7840,Target,corresponds_to,,Obesity,Disease
79047,Target,corresponds_to,,Obesity,Disease
79661,Target,corresponds_to,,Obesity,Disease
79738,Target,corresponds_to,,Obesity,Disease
80184,Target,corresponds_to,,Obesity,Disease
8165,Target,corresponds_to,,Obesity,Disease
834,Target,corresponds_to,,Obesity,Disease
84100,Target,corresponds_to,,Obesity,Disease
84872,Target,corresponds_to,,Obesity,Disease
84984,Target,corresponds_to,,Obesity,Disease
8522,Target,corresponds_to,,Obesity,Disease
8694,Target,corresponds_to,,Obesity,Disease
8800,Target,corresponds_to,,Obesity,Disease
8801,Target,corresponds_to,,Obesity,Disease
8803,Target,corresponds_to,,Obesity,Disease
8856,Target,corresponds_to,,Obesity,Disease
89780,Target,corresponds_to,,Obesity,Disease
91147,Target,corresponds_to,,Obesity,Disease
9149,Target,corresponds_to,,Obesity,Disease
9194,Target,corresponds_to,,Obesity,Disease
92482,Target,corresponds_to,,Obesity,Disease
9332,Target,corresponds_to,,Obesity,Disease
955,Target,corresponds_to,,Obesity,Disease
958,Target,corresponds_to,,Obesity,Disease
968,Target,corresponds_to,,Obesity,Disease
9970,Target,corresponds_to,,Obesity,Disease
10891,Target,corresponds_to,,Type 2 Diabetes,Disease
169026,Target,corresponds_to,,Type 2 Diabetes,Disease
23411,Target,corresponds_to,,Type 2 Diabetes,Disease
26291,Target,corresponds_to,,Type 2 Diabetes,Disease
2641,Target,corresponds_to,,Type 2 Diabetes,Disease
2645,Target,corresponds_to,,Type 2 Diabetes,Disease
3375,Target,corresponds_to,,Type 2 Diabetes,Disease
3383,Target,corresponds_to,,Type 2 Diabetes,Disease
3569,Target,corresponds_to,,Type 2 Diabetes,Disease
3630,Target,corresponds_to,,Type 2 Diabetes,Disease
3667,Target,corresponds_to,,Type 2 Diabetes,Disease
3952,Target,corresponds_to,,Type 2 Diabetes,Disease
3953,Target,corresponds_to,,Type 2 Diabetes,Disease
4846,Target,corresponds_to,,Type 2 Diabetes,Disease
5465,Target,corresponds_to,,Type 2 Diabetes,Disease
54901,Target,corresponds_to,,Type 2 Diabetes,Disease
56729,Target,corresponds_to,,Type 2 Diabetes,Disease
5770,Target,corresponds_to,,Type 2 Diabetes,Disease
6462,Target,corresponds_to,,Type 2 Diabetes,Disease
6514,Target,corresponds_to,,Type 2 Diabetes,Disease
6517,Target,corresponds_to,,Type 2 Diabetes,Disease
6934,Target,corresponds_to,,Type 2 Diabetes,Disease
7124,Target,corresponds_to,,Type 2 Diabetes,Disease
7351,Target,corresponds_to,,Type 2 Diabetes,Disease
79068,Target,corresponds_to,,Type 2 Diabetes,Disease
8660,Target,corresponds_to,,Type 2 Diabetes,Disease
9370,Target,corresponds_to,,Type 2 Diabetes,Disease
948,Target,corresponds_to,,Type 2 Diabetes,Disease
10644,Target,corresponds_to,,Type 2 Diabetes,Disease
11132,Target,corresponds_to,,Type 2 Diabetes,Disease
1636,Target,corresponds_to,,Type 2 Diabetes,Disease
1906,Target,corresponds_to,,Type 2 Diabetes,Disease
207,Target,corresponds_to,,Type 2 Diabetes,Disease
208,Target,corresponds_to,,Type 2 Diabetes,Disease
221895,Target,corresponds_to,,Type 2 Diabetes,Disease
2646,Target,corresponds_to,,Type 2 Diabetes,Disease
2820,Target,corresponds_to,,Type 2 Diabetes,Disease
3087,Target,corresponds_to,,Type 2 Diabetes,Disease
3159,Target,corresponds_to,,Type 2 Diabetes,Disease
3172,Target,corresponds_to,,Type 2 Diabetes,Disease
338,Target,corresponds_to,,Type 2 Diabetes,Disease
3479,Target,corresponds_to,,Type 2 Diabetes,Disease
3553,Target,corresponds_to,,Type 2 Diabetes,Disease
3586,Target,corresponds_to,,Type 2 Diabetes,Disease
3651,Target,corresponds_to,,Type 2 Diabetes,Disease
3784,Target,corresponds_to,,Type 2 Diabetes,Disease
3990,Target,corresponds_to,,Type 2 Diabetes,Disease
4023,Target,corresponds_to,,Type 2 Diabetes,Disease
4544,Target,corresponds_to,,Type 2 Diabetes,Disease
4760,Target,corresponds_to,,Type 2 Diabetes,Disease
4790,Target,corresponds_to,,Type 2 Diabetes,Disease
4853,Target,corresponds_to,,Type 2 Diabetes,Disease
5078,Target,corresponds_to,,Type 2 Diabetes,Disease
5167,Target,corresponds_to,,Type 2 Diabetes,Disease
51738,Target,corresponds_to,,Type 2 Diabetes,Disease
5294,Target,corresponds_to,,Type 2 Diabetes,Disease
5506,Target,corresponds_to,,Type 2 Diabetes,Disease
55600,Target,corresponds_to,,Type 2 Diabetes,Disease
56999,Target,corresponds_to,,Type 2 Diabetes,Disease
5950,Target,corresponds_to,,Type 2 Diabetes,Disease
63892,Target,corresponds_to,,Type 2 Diabetes,Disease
6648,Target,corresponds_to,,Type 2 Diabetes,Disease
6720,Target,corresponds_to,,Type 2 Diabetes,Disease
6774,Target,corresponds_to,,Type 2 Diabetes,Disease
6927,Target,corresponds_to,,Type 2 Diabetes,Disease
6928,Target,corresponds_to,,Type 2 Diabetes,Disease
7099,Target,corresponds_to,,Type 2 Diabetes,Disease
7350,Target,corresponds_to,,Type 2 Diabetes,Disease
7466,Target,corresponds_to,,Type 2 Diabetes,Disease
79602,Target,corresponds_to,,Type 2 Diabetes,Disease
836,Target,corresponds_to,,Type 2 Diabetes,Disease
847,Target,corresponds_to,,Type 2 Diabetes,Disease
9479,Target,corresponds_to,,Type 2 Diabetes,Disease
10018,Target,corresponds_to,,Type 2 Diabetes,Disease
10239,Target,corresponds_to,,Type 2 Diabetes,Disease
10296,Target,corresponds_to,,Type 2 Diabetes,Disease
1036,Target,corresponds_to,,Type 2 Diabetes,Disease
10363,Target,corresponds_to,,Type 2 Diabetes,Disease
111,Target,corresponds_to,,Type 2 Diabetes,Disease
11317,Target,corresponds_to,,Type 2 Diabetes,Disease
116150,Target,corresponds_to,,Type 2 Diabetes,Disease
129787,Target,corresponds_to,,Type 2 Diabetes,Disease
132332,Target,corresponds_to,,Type 2 Diabetes,Disease
136259,Target,corresponds_to,,Type 2 Diabetes,Disease
1363,Target,corresponds_to,,Type 2 Diabetes,Disease
1374,Target,corresponds_to,,Type 2 Diabetes,Disease
1401,Target,corresponds_to,,Type 2 Diabetes,Disease
145741,Target,corresponds_to,,Type 2 Diabetes,Disease
150,Target,corresponds_to,,Type 2 Diabetes,Disease
1535,Target,corresponds_to,,Type 2 Diabetes,Disease
1544,Target,corresponds_to,,Type 2 Diabetes,Disease
155,Target,corresponds_to,,Type 2 Diabetes,Disease
157855,Target,corresponds_to,,Type 2 Diabetes,Disease
169792,Target,corresponds_to,,Type 2 Diabetes,Disease
177,Target,corresponds_to,,Type 2 Diabetes,Disease
181,Target,corresponds_to,,Type 2 Diabetes,Disease
1889,Target,corresponds_to,,Type 2 Diabetes,Disease
19,Target,corresponds_to,,Type 2 Diabetes,Disease
1909,Target,corresponds_to,,Type 2 Diabetes,Disease
1910,Target,corresponds_to,,Type 2 Diabetes,Disease
1956,Target,corresponds_to,,Type 2 Diabetes,Disease
197,Target,corresponds_to,,Type 2 Diabetes,Disease
2113,Target,corresponds_to,,Type 2 Diabetes,Disease
213,Target,corresponds_to,,Type 2 Diabetes,Disease
2167,Target,corresponds_to,,Type 2 Diabetes,Disease
22808,Target,corresponds_to,,Type 2 Diabetes,Disease
22866,Target,corresponds_to,,Type 2 Diabetes,Disease
23338,Target,corresponds_to,,Type 2 Diabetes,Disease
2475,Target,corresponds_to,,Type 2 Diabetes,Disease
252995,Target,corresponds_to,,Type 2 Diabetes,Disease
26053,Target,corresponds_to,,Type 2 Diabetes,Disease
26122,Target,corresponds_to,,Type 2 Diabetes,Disease
2642,Target,corresponds_to,,Type 2 Diabetes,Disease
2695,Target,corresponds_to,,Type 2 Diabetes,Disease
2729,Target,corresponds_to,,Type 2 Diabetes,Disease
2730,Target,corresponds_to,,Type 2 Diabetes,Disease
2784,Target,corresponds_to,,Type 2 Diabetes,Disease
2813,Target,corresponds_to,,Type 2 Diabetes,Disease
283450,Target,corresponds_to,,Type 2 Diabetes,Disease
283455,Target,corresponds_to,,Type 2 Diabetes,Disease
2864,Target,corresponds_to,,Type 2 Diabetes,Disease
2876,Target,corresponds_to,,Type 2 Diabetes,Disease
2878,Target,corresponds_to,,Type 2 Diabetes,Disease
2888,Target,corresponds_to,,Type 2 Diabetes,Disease
2944,Target,corresponds_to,,Type 2 Diabetes,Disease
3039,Target,corresponds_to,,Type 2 Diabetes,Disease
3077,Target,corresponds_to,,Type 2 Diabetes,Disease
3098,Target,corresponds_to,,Type 2 Diabetes,Disease
3156,Target,corresponds_to,,Type 2 Diabetes,Disease
3162,Target,corresponds_to,,Type 2 Diabetes,Disease
3170,Target,corresponds_to,,Type 2 Diabetes,Disease
3240,Target,corresponds_to,,Type 2 Diabetes,Disease
3263,Target,corresponds_to,,Type 2 Diabetes,Disease
335,Target,corresponds_to,,Type 2 Diabetes,Disease
3397,Target,corresponds_to,,Type 2 Diabetes,Disease
3416,Target,corresponds_to,,Type 2 Diabetes,Disease
345,Target,corresponds_to,,Type 2 Diabetes,Disease
3458,Target,corresponds_to,,Type 2 Diabetes,Disease
348,Target,corresponds_to,,Type 2 Diabetes,Disease
3516,Target,corresponds_to,,Type 2 Diabetes,Disease
355,Target,corresponds_to,,Type 2 Diabetes,Disease
3597,Target,corresponds_to,,Type 2 Diabetes,Disease
3636,Target,corresponds_to,,Type 2 Diabetes,Disease
3672,Target,corresponds_to,,Type 2 Diabetes,Disease
388125,Target,corresponds_to,,Type 2 Diabetes,Disease
4000,Target,corresponds_to,,Type 2 Diabetes,Disease
4090,Target,corresponds_to,,Type 2 Diabetes,Disease
4143,Target,corresponds_to,,Type 2 Diabetes,Disease
4160,Target,corresponds_to,,Type 2 Diabetes,Disease
4524,Target,corresponds_to,,Type 2 Diabetes,Disease
467,Target,corresponds_to,,Type 2 Diabetes,Disease
4773,Target,corresponds_to,,Type 2 Diabetes,Disease
4825,Target,corresponds_to,,Type 2 Diabetes,Disease
4843,Target,corresponds_to,,Type 2 Diabetes,Disease
4852,Target,corresponds_to,,Type 2 Diabetes,Disease
488,Target,corresponds_to,,Type 2 Diabetes,Disease
489,Target,corresponds_to,,Type 2 Diabetes,Disease
493856,Target,corresponds_to,,Type 2 Diabetes,Disease
4968,Target,corresponds_to,,Type 2 Diabetes,Disease
5054,Target,corresponds_to,,Type 2 Diabetes,Disease
5066,Target,corresponds_to,,Type 2 Diabetes,Disease
50674,Target,corresponds_to,,Type 2 Diabetes,Disease
5080,Target,corresponds_to,,Type 2 Diabetes,Disease
51094,Target,corresponds_to,,Type 2 Diabetes,Disease
5126,Target,corresponds_to,,Type 2 Diabetes,Disease
51530,Target,corresponds_to,,Type 2 Diabetes,Disease
5184,Target,corresponds_to,,Type 2 Diabetes,Disease
5346,Target,corresponds_to,,Type 2 Diabetes,Disease
5444,Target,corresponds_to,,Type 2 Diabetes,Disease
5467,Target,corresponds_to,,Type 2 Diabetes,Disease
5563,Target,corresponds_to,,Type 2 Diabetes,Disease
5579,Target,corresponds_to,,Type 2 Diabetes,Disease
5629,Target,corresponds_to,,Type 2 Diabetes,Disease
57818,Target,corresponds_to,,Type 2 Diabetes,Disease
581,Target,corresponds_to,,Type 2 Diabetes,Disease
59338,Target,corresponds_to,,Type 2 Diabetes,Disease
596,Target,corresponds_to,,Type 2 Diabetes,Disease
598,Target,corresponds_to,,Type 2 Diabetes,Disease
6049,Target,corresponds_to,,Type 2 Diabetes,Disease
60685,Target,corresponds_to,,Type 2 Diabetes,Disease
6277,Target,corresponds_to,,Type 2 Diabetes,Disease
6344,Target,corresponds_to,,Type 2 Diabetes,Disease
6347,Target,corresponds_to,,Type 2 Diabetes,Disease
635,Target,corresponds_to,,Type 2 Diabetes,Disease
6424,Target,corresponds_to,,Type 2 Diabetes,Disease
6480,Target,corresponds_to,,Type 2 Diabetes,Disease
64897,Target,corresponds_to,,Type 2 Diabetes,Disease
6506,Target,corresponds_to,,Type 2 Diabetes,Disease
6513,Target,corresponds_to,,Type 2 Diabetes,Disease
6581,Target,corresponds_to,,Type 2 Diabetes,Disease
6616,Target,corresponds_to,,Type 2 Diabetes,Disease
6647,Target,corresponds_to,,Type 2 Diabetes,Disease
673,Target,corresponds_to,,Type 2 Diabetes,Disease
7040,Target,corresponds_to,,Type 2 Diabetes,Disease
7076,Target,corresponds_to,,Type 2 Diabetes,Disease
7132,Target,corresponds_to,,Type 2 Diabetes,Disease
7133,Target,corresponds_to,,Type 2 Diabetes,Disease
718,Target,corresponds_to,,Type 2 Diabetes,Disease
723961,Target,corresponds_to,,Type 2 Diabetes,Disease
7325,Target,corresponds_to,,Type 2 Diabetes,Disease
7352,Target,corresponds_to,,Type 2 Diabetes,Disease
7486,Target,corresponds_to,,Type 2 Diabetes,Disease
80212,Target,corresponds_to,,Type 2 Diabetes,Disease
80339,Target,corresponds_to,,Type 2 Diabetes,Disease
80790,Target,corresponds_to,,Type 2 Diabetes,Disease
83795,Target,corresponds_to,,Type 2 Diabetes,Disease
841,Target,corresponds_to,,Type 2 Diabetes,Disease
84196,Target,corresponds_to,,Type 2 Diabetes,Disease
8462,Target,corresponds_to,,Type 2 Diabetes,Disease
8527,Target,corresponds_to,,Type 2 Diabetes,Disease
875,Target,corresponds_to,,Type 2 Diabetes,Disease
894,Target,corresponds_to,,Type 2 Diabetes,Disease
9365,Target,corresponds_to,,Type 2 Diabetes,Disease
9559,Target,corresponds_to,,Type 2 Diabetes,Disease
9861,Target,corresponds_to,,Type 2 Diabetes,Disease
9882,Target,corresponds_to,,Type 2 Diabetes,Disease
